168026879741003267738,津包饺,03月06日 22:59,4876429206487187,各國應轟炸俄羅斯境內“暈輸線”……當年“炮擊金門”很久，最後因美國切斷了“廈門車站”運輸線，炮擊金門才止。（而不應去烏克蘭建軍工廠：俄會集中火力轟炸。）@美国驻华大使馆 @英國駐華使館 @歐盟在中國 @烏克蘭信使,0,5,3
168026879741003267738,JRPG斐哥,03月06日 22:58,4876428988124266,"这张照片是1992年对岸的RPG爱好者们开办的座谈会。这样的“史前神仙会议”，实在是让我心驰神往。
90年代中后期，DARKBABY徐老师也经常参加上海主机玩家们的交流会，还经常探讨“御三家”的未来，这样的氛围也是让我无比羡慕。
其实无论是在台北，还是在上海，我们这样的RPG痴迷者，肯定还是极少数。尤 展开c",25,8,70
168026879741003267738,俄罗斯卫星通讯社,03月06日 22:58,4876428979471750,【美国驻安卡拉大使就马克•米利访问叙利亚一事被召唤至土耳其外交部】安卡拉外交消息人士对俄罗斯卫星通讯社称，美国驻安卡拉大使杰夫•弗莱克已因美国参谋长联席会议主席马克•米利访问叙利亚一事而被传唤到土耳其外交部。O美国驻安卡拉大使就马克•米利访问叙利亚一事被召唤至土耳其外交部,3,3,21
168026879741003267738,军事在前沿,03月06日 22:58,4876428955353192,《插手台海挑衅？韩国3架军机直闯台湾空域，中方24架军机紧急起飞》美国等这样的机会已经很久了，如何才能最大程度的削弱俄罗斯，才是美国一直关注的，没有了俄罗斯这样的劲敌，中国将会成为美国最主要的对手！O网页链接,0,0,0
168026879741003267738,小猫荐剧,03月06日 22:58,4876428955093819,俄罗斯公布长期盟友名单，中国不在其中，普京良苦用心我们意会了 L小猫荐剧的微博视频,0,0,0
168026879741003267738,五桶工坊,03月06日 22:57,4876428607495596,俄罗斯正在把双管 25 毫米舰炮安装到MT-LB装甲车上作为步兵战车使用。2M-3M型双 25 毫米舰炮生产于苏联上世纪50年代，而MT-LB装甲车是俄军经常使用的一种消耗性的履带式平台。这二者一结合就变成了缝合怪！有人说这是俄罗斯的步战车打光了，我倒不这么看，毕竟MT-LB作为一款装甲运输车原本的车载武器只 展开c,2,7,14
168026879741003267738,香港商報網,03月06日 22:57,4876428519146420,【#德媒称已基本实现对俄气的替代#】#德国下一个冬季储气仍面临挑战# 据德新社4日报道，德国能源监管机构联邦网络局的数据显示，德国加大从挪威等国进口天然气后，已基本实现对俄罗斯天然气的进口替代。据德媒报道，在2017年至2022年2月间，德国平均每月净进口77太瓦时的天然气，用于满足国内需要和填 展开c,0,4,4
168026879741003267738,哎哟我滴个乖乖哟,03月06日 22:56,4876428480353908,郭正亮：伊朗航空业至少比俄罗斯好，俄罗斯烂到要买伊朗的无人机我是有点不测#中国##台湾##俄乌局面##关注俄乌局面最新停顿# L哎哟我滴个乖乖哟的微博视频,0,0,1
168026879741003267738,猫头鹰白桃冰,03月06日 22:56,4876428452038977,"上学期在图书馆借了一本《论宗教大法官的传说》，其实没完全看懂打算等学宗教之后再看一遍。
和友聊天：对这本印象最深是因为它被放在厕所门口，找的时候忍味儿忍了很久。
我：但是好像俄罗斯文学都在那边
友：……好吧……倒也符合",0,6,1
168026879741003267738,DonaLmui,03月06日 22:56,4876428426349117,2014年2月11日至14日，安妮和驸马在索契冬奥会期间访问俄罗斯，不知道是刷公务顺便看冬奥会还是看冬奥会顺便刷公务。安妮作为英国奥委会主席，半个世纪以来几乎不会错过任何一届夏奥会，冬奥会偶尔出席。,0,3,9
168026880776901810221,乌克兰老李,03月06日 22:56,4876428346654938,俄羅斯與白俄羅斯將被逐出歐洲高等教育資格互認公約-鳳凰秀 O网页链接,0,0,10
168026880776901810221,这就是宇宙,03月06日 22:55,4876428158173477,赖岳谦：拜登突访基辅防空警声报大作是演戏，当天俄罗斯根本没有任何攻打#中国##台湾##美国##俄乌局面# L这就是宇宙的微博视频,0,0,0
168026880776901810221,九天揽月之吃瓜群众,03月06日 22:54,4876427944005303,拉夫罗夫称乌军先发动战争，惨遭印度人嘲笑，暴露普京的重大失策O网页链接 武器武器不行，后勤后勤不行，作战作战不行！现在就连“舆论战”也遭人嘲笑！俄罗斯你是怎么了？！😂,0,0,0
168026880776901810221,沙姆雄狮_EL,03月06日 22:54,4876427838625371,"斯瓦托沃——克列缅纳亚方向，俄罗斯军队使用电子战设备击落乌克兰军队的一架无人机。

#俄乌局势新进展##俄乌局势#",4,1,37
168026880776901810221,辣卤输卵管,03月06日 22:54,4876427764175438,妊宝和俄罗斯娜娜还有菲菲姐坐一起了，对我眼睛很好。,0,0,2
168026880776901810221,缘木球鱼,03月06日 22:52,4876427491022992,瓦格纳的战士们在巴赫穆特高尔基大街上的坦克纪念碑挂上了瓦格纳的旗帜！太帅了可惜米格-17纪念碑可能已经被乌军炸毁了。#俄乌局势新进展##关注俄乌局势最新进展##俄罗斯# L缘木球鱼的微博视频,6,8,56
168026880776901810221,李建秋的世界,03月06日 22:52,4876427457467462,"虽然我国的传媒拉胯，但是拜这个世界上还有一些外国人在华，他们也是做自媒体的，所见所闻也能代表一些问题。
是的，我国传媒拉胯，我国传媒拉胯，我国传媒拉胯，说三遍。

这个视频是一个俄罗斯汽车博主拍的，每年他都会参加广州车展。
2021年，2022年，点击率最高。
视频下面的俄罗斯人羡慕坏了。

展开c",209,394,7884
168026880776901810221,杭德轻轨,03月06日 22:52,4876427349201396,"俄罗斯现阶段的中心任务还是要消灭乌反攻能力有生力量，重点剪除乌空降能力，并防止老美利用乌开辟发起新一轮生化战场，积极保护俄国内生化科学家安全。#军阀##防范非法集资,普及金融知识##防范非法集资,普及金融知识#日常",0,0,0
168026880776901810221,时代草稿,03月06日 22:52,4876427285763045,"俄乌战争（31）普京时代

#俄称美企图在乌使用化武嫁祸俄方# 晋凉王普京执掌俄罗斯，以铁腕的执政风格，一次次吸引世界的目光。他攻车臣、灭寡头，与西方势力强硬争锋，立志要让俄罗斯站上世界强国之位，他做到了吗？普京如何登上总统之位？已经四次出任的他，又用什么样的方法来复兴俄罗斯？#兵者凶器 展开c",0,0,5
168026880776901810221,豫章天子,03月06日 22:51,4876427046949622,俄罗斯防空部队的铠甲S防空导弹在Tuapse港停泊处执行战斗任务。 L豫章天子的微博视频,1,0,17
168026882260001810221,侍者达芬奇,03月06日 22:50,4876426778253822,"#白俄罗斯杯##莫济里#

2022-23赛季白俄罗斯杯四分之一决赛首回合，莫济里斯拉维亚（2:0）斯卢茨克。

62′弗拉迪米尔·波洛兹、88′Nikolay Ryabykh",0,0,0
168026882260001810221,直新闻,03月06日 22:50,4876426756754195,"#俄乌军事冲突持续一周年#【宋鲁郑：俄乌冲突难以收场 欧盟面临“解体”危机丨慢点·访谈】#持续更新乌东局势# 俄乌冲突已经一年，战争烈度还在上升。

过去几周，乌东战场如同“绞肉机”，炮火昼夜不息，战略要地巴赫穆特一天内受到俄军85次攻击。加入乌军“国际战队”的退役美国海军陆战队士兵奥芬贝 展开c",1,0,3
168026882260001810221,我在岸上看丨,03月06日 22:49,4876426728182894,美国划出红线，俄罗斯在伊朗未能获得导弹。,2,3,47
168026882260001810221,平行視覺_,03月06日 22:49,4876426698293809,"这名乌克兰战士，被俘后从容自若说：“荣耀归于乌克兰。”然后被处决。
这是对日内瓦公约的践踏，俄罗斯战犯必将受到海牙法庭的审判。 O网页链接",26,16,120
168026882260001810221,棉花絮飞,03月06日 22:49,4876426668935363,"中国在世界上的待遇如何？

世界各国对中国的态度暧昧，这是毋庸置疑的事实。这张信息图显示了世界上不同国家对待中国的方式。

调查数据显示，西方阵营对中国的看法大多是负面的。在日本、瑞典、澳大利亚、丹麦、英国和德国，大约四分之三的受访者表示不喜欢中国及其对世界的影响。对中国比较积极一点 展开c",44,388,1090
168026882260001810221,新浪军事,03月06日 22:49,4876426542843683,【#卡德罗夫臃肿现身引发中毒猜测#】上个月，卡德罗夫缺席俄罗斯总统普京在莫斯科发表国情咨文的大会。有关人士称，严重肾病可能是卡德罗夫缺席的原因。卡德罗夫的私人飞机最近多次飞往阿联酋。哈萨克斯坦记者阿扎马特·迈塔诺夫在社交媒体上透露，“有消息称，阿联酋的首席肾病学家亚辛·易卜拉欣·沙哈 展开c,6,11,17
168026882260001810221,喝多了会武术,03月06日 22:49,4876426527118914,"#LV#
是因为乌 lv支持俄罗斯上的烫搜么",0,1,0
168026882260001810221,在泡泡中的小鱼,03月06日 22:48,4876426467082599,18：2，印度在G20上的背叛，让中国成唯一站在俄罗斯一边的国家 #俄乌战争 #印度 #G20外长会议 ##快手# @快手 来自快手消息 L瞩望云霄的快手视频,0,0,0
168026882260001810221,噗噗不想吃巧克力了,03月06日 22:47,4876426081736478,"好久没发微博了！谨以此篇，献给今日的麦麦：
今天晚上七点赶到城府路口的麦麦店里，本来想着人也不至于这么多，我就点了一些吃的（毕竟是派派活动加上麦乐鸡块）所以我就下单了；一开始我以为前面就只要五六十单，我想着等等吧。
但是定睛一看，前面居然还有150多单，麦麦的人气远远超过了我的想象； 展开c",0,0,2
168026883711993267735,吕培乔,03月06日 22:46,4876425922093691,"胃口真大，不是一次一次要了，你得按月供。
乌克兰防长致信欧盟：请每月供25万枚炮弹。
列兹尼科夫说：乌克兰由于缺乏补给，军队发射的炮弹远远不够。他在信中写道：火炮发挥了至关重要的作用，平均而言乌克兰每月需要发射11万枚155毫米口径炮弹，这只是俄罗斯使用量的四分之一。
评：胃口确实大，火炮 展开c",2,2,3
168026883711993267735,沙姆雄狮_EL,03月06日 22:46,4876425881195697,"顿涅茨克州，乌克兰军队使用无人机投弹破坏俄罗斯军队丢弃的一辆 T-80BV 坦克。

#俄乌局势新进展##俄乌局势# L沙姆雄狮_EL的微博视频",2,10,23
168026883711993267735,公方彬在思想,03月06日 22:46,4876425772142653,"我认为这其中反映着美国对中国的误读误解：
一个是误读了中国共产党反腐的决心，似乎我们只反国内贪官，不反财产转移到国外的贪官。
另一个是误以为中国的官员也像俄罗斯官员那样腐败，很多人有很多财产转移到美国等西方国家。
因为有了两个误读误解，才如此明目张胆的威胁中 展开c",15,52,341
168026883711993267735,非于KAKA,03月06日 22:45,4876425519432600,"读书人的日常

天气惊人的差。出租车玻璃上贴了淡紫色的膜，魔幻滤镜。原谅我一回来就喉咙痛，而且忙到心情不佳
昨夜失眠看了头两章纳博科夫的《玛丽》。爱情究竟是什么。初恋的美好回忆，与不可言说的思乡，与俄罗斯的旧时光交织在一起。又哀又美。

“逆向的思乡，即渴望去到又一个陌生的地方 展开c",3,15,18
168026883711993267735,素人观点,03月06日 22:45,4876425495318482,"#俄乌局势# #俄乌局势新进展# 俄罗斯对乌克兰的突袭继续
今天，俄罗斯军队袭击了顿涅茨克的顿河君士坦丁罗夫卡和克拉马托尔斯克，克拉马托尔斯克的袭击包括一所学校。",0,0,5
168026883711993267735,龙泉iqiupicom,03月06日 22:45,4876425495055073,海豹皮的色彩花纹是没有其它皮毛可以代替的，稀少是主要原因，穿海豹皮客人都要珍惜皮草，一件衣服多少只海豹呀，而且都是从国外运回来的，有的客人也会问，海豹毛肯定也有好次吧，当然啦，海豹活着的时候都容易嬉戏，海豹皮伤残划痕比较多，做衣服时候都要尽量避开划痕，绒毛也多少有区别，那也是冬天 展开c,0,0,0
168026883711993267735,经济观察报,03月06日 22:44,4876425293728895,【#英国向欧洲大陆输气管道暂停供气#，或加剧欧洲大陆天然气短缺】据今日俄罗斯电视台网站报道，4日晚，运营商发布通知称，因设备故障问题，英国通过比利时向欧洲大陆输送天然气的重要管道之一“互连”天然气管道暂停供气，并持续至3月8日。此次管道的故障可能进一步加剧欧洲大陆天然气短缺的状况。 展开c,0,2,3
168026883711993267735,奶酪欧尼,03月06日 22:44,4876425255191149,"拼夕夕互助#互助拼多多# 0.3r出一次助力，可接多量。提供过程截图，可先刀后米

【还有少量新人】

2r 5次 5r20次 10r50次
支持先用后付！

我也是，在法国和瑞士待久了都有点吃不惯中餐了，另外附上法国和瑞士得地道食品在俄罗斯待久 ???在俄罗斯待久了 ???",0,0,0
168026883711993267735,融媒体张灏,03月06日 22:43,4876425222688426,"【#俄罗斯顶级科学家被勒死家中#，系俄新冠疫苗研发者之一】当地时间3月2日，俄罗斯顶级科学家安德烈·博蒂科夫（Andrey Botikov）在位于莫斯科西北部的公寓里被人用皮带勒死。俄罗斯联邦调查委员会称，正对这起谋杀案进行调查。

博蒂科夫是俄罗斯国家流行病学和微生物学研究中心的高级研究员，曾在俄 展开c",0,0,0
168026883711993267735,Carlos-沉睡的记忆,03月06日 22:43,4876425209841243,"坚守在巴赫穆特。
#关注俄乌局势最新进展##俄罗斯乌克兰##乌克兰#",1,0,5
16802688515450639836,APP_JEANS,03月06日 22:42,4876424861458156,"俄国防部简报23/03/06：

🔺白天，俄罗斯武装部队在库普扬斯克方向摧毁了多达45名乌克兰士兵；

🔺一天之内，俄罗斯武装部队在顿涅茨克方向摧毁了多达225个乌克兰武装部队的军事单位；

🔺一天之内，俄罗斯武装部队在南顿涅茨克和扎波罗热方向摧毁了约 65 个乌克兰武装部队的军事单位；

🔺俄 展开c",0,0,0
16802688515450639836,呆湾呱呱叫,03月06日 22:42,4876424802996386,德国渐渐“独立自主”了，浪子回头金不换哈，在慕尼黑会议不仅大喇喇的使用华为5G设备，近日朔尔茨去华府聆训回德后，也未答应拜登要其谴责“中国军援俄罗斯”的谎言…,0,0,2
16802688515450639836,亚历山大在基层,03月06日 22:42,4876424768391380,"祝福你平安回来，勇敢的姑娘！🙏🙏🙏@香港衛視HKS 【那个#主动回国参战的俄罗斯女孩在战场传回了消息#】那个说出“如果我的祖国在战火纷飞中，我会义不容辞地保家卫国！”的俄罗斯女孩黛简兮在战场传来最新消息。

新兵训练结束后，黛简兮正式成为一名俄军战士，赶赴乌克兰战场。在最新传来的视 展开c",10,1,21
16802688515450639836,张正建诗友联谊会,03月06日 22:41,4876424701543146,"俄罗斯如今看上中国兴凯湖了，真是欠扁了！
俄罗斯国家杜马日前更新了地图。乌克兰东部四州无理划入俄范围之内，这并没有什么稀奇；但在东部，作为中俄两国界湖的兴凯湖，也被全部划入俄国界线之内。对比一下两国出版的地图，区别一目了然（左俄地图，右中国地图）。
按现时面积来算，兴凯湖水面面积超 展开c",0,0,0
16802688515450639836,四川魏静,03月06日 22:41,4876424667993889,"【#男子在俄富豪汽车底部安装炸弹# 俄安全局及时拆除阻止爆炸】
当地时间3月6日，俄罗斯联邦安全局通报，挫败了一起暗杀俄罗斯察里格勒集团公司负责人康斯坦丁·马洛费耶夫的企图。 据公布的监控视频显示，一名头戴连衣帽的黑衣男子趁周围无人，在一辆黑色轿车下安装炸弹。随后，俄罗斯联邦安全局利用设 展开c",3,1,10
16802688515450639836,擒龙头抓妖股,03月06日 22:41,4876424643348759,"今日看盘 人民币在俄罗斯的交易量出现大幅度增长。#财经#
2022年2月份时候，美元在俄罗斯的交易量占到了87.6%，欧元占到了11.9%，而人民币才占到0.32%。但是自从美国制裁俄罗斯之后，美元在俄罗斯的交易量出现大幅度下滑，从去年2月份的87.6%降低到了今年2月的38%，欧元的比例变为了21.2%，而 展开c",0,0,126
16802688515450639836,怕黑不说话,03月06日 22:40,4876424421578308,"俄罗斯跟乌克兰的土地问题，其实还是关键资源问题。那几个小地方都是重地。
土地主=权问题，如果回顾历史也就两百年那种间隔，历史上俄罗斯打下来为乌克兰那里争取的还少吗？
这些真难说，靠边站的人，也就是多选择一面。
连坡地都强调权完整性，也就是某个时期来说，还是西方观点影响的。。。

乌克兰 展开c",0,1,0
16802688515450639836,万能小子,03月06日 22:40,4876424244369921,看看俄罗斯人??到底有多懒？  L奇闻盘点的微博视频,0,0,0
16802688515450639836,戴草帽的稻草人1982,03月06日 22:39,4876424135841168,"俄罗斯雇佣兵组织瓦格纳集团创办人普里戈津说，该集团的代表星期一（3月6日）被禁止进入俄罗斯在乌克兰的军事指挥部。
感觉瓦格纳要被抛弃了……",0,0,1
168026886569402715606,侍者达芬奇,03月06日 22:38,4876423964137152,"#白俄罗斯杯##维捷布斯克#

2022-23赛季白俄罗斯杯四分之一决赛首回合，维捷布斯克（0:0）格罗德诺涅曼河。",0,0,0
168026886569402715606,今日俄罗斯RT,03月06日 22:38,4876423855346554,一起欣赏浪漫的北极光【#俄罗斯北德文斯克市夜空现北极光#】3月6日，俄罗斯阿尔汉格尔斯克州北德文斯克市居民在社交媒体上上传了其拍摄到的北极光画面。 L今日俄罗斯RT的微博视频,11,6,84
168026886569402715606,烟台广播,03月06日 22:38,4876423737640387,"【#英国一条向欧洲输气管道暂停供气#，或加剧欧洲大陆天然气短缺】据今日俄罗斯电视台网站报道，4日晚，运营商发布通知称，因设备故障问题，英国通过比利时向欧洲大陆输送天然气的重要管道之一“互连”天然气管道暂停供气，并持续至3月8日。此次管道的故障可能进一步加剧欧洲大陆天然气短缺的状况。
展开c",0,0,0
168026886569402715606,柒柒也乖乖,03月06日 22:37,4876423682590329,"俄罗斯套娃
拆封了一个迷你样",0,0,0
168026886569402715606,让大卫戈尔尝尝可乐鸡翅,03月06日 22:37,4876423619677634,"现实生活中，全球的概念可能包括中国之外的

国家，俄罗斯，日本，韩国，美国等等。但是

《沧山橘影镐京都》的世界地图就只有中国大

陆，这个RPG所指的全球就这么大。",0,0,1
168026886569402715606,戴和平律师,03月06日 22:36,4876423434603295,《18：2，印度G20的背叛，让中国成唯一站在俄罗斯一边的国家》 O18：2，印度G20的背叛，让中国成唯一站在俄罗斯一边的国家 来自@网易新闻客户端 #网易新闻#,0,0,0
168026886569402715606,-Wagner-,03月06日 22:36,4876423322665543,🇷🇺俄罗斯联邦拒绝在欧安组织的维也纳文件框架内提供有关其军队的信息。此举是对西方行动的回应。,2,2,15
168026886569402715606,体坛星闻社,03月06日 22:36,4876423246385819,"#K宝俄罗斯大奖赛总决赛亚军##沸腾吧三月#
俄罗斯花样滑冰大奖赛总决赛，“K宝”瓦利耶娃在自由滑中演绎了《楚门的世界》，拿到了162.79分，并以总分241.76分获得亚军。
阿杰丽亚-彼得罗相获得金牌。
即将年满17岁的瓦利耶娃称，冬奥会上所经历的一切让自己更坚强。L界外编辑部的微博视频",0,0,2
168026886569402715606,包容万物恒河水,03月06日 22:36,4876423246119301,"🔺铠甲-S1防空导弹系统现身俄罗斯图阿普谢港码头。
🔺……也不是不行。
#俄乌局势##俄乌战争一周年前后# L包容万物恒河水的微博视频",3,4,46
168026886569402715606,一个让世界嫉妒的男人,03月06日 22:35,4876423182944464,俄罗斯 苏-25 在特别军事行动任务区 #乌克兰俄罗斯爆发军事冲突##英国军情六处##俄乌局势# L一个让世界嫉妒的男人的微博视频,13,5,55
1680268880061013085222,币圈途说,03月06日 22:34,4876422915038192,“正如你所看到的，巴赫穆特市的天气很好。但不幸的是，这座城市从早上开始就遭到炮击，主要是迫击炮和大炮。他们试图突破我们的侧翼，但乌克兰国家边境服务局，与其同志们一起，坚定不移地坚守阵地，我们正在尽一切努力阻止敌人进入这座城市。因为巴赫穆特是乌克兰。过去是，将来也是。荣耀属于乌克兰 展开c,0,0,5
1680268880061013085222,发现者123456789,03月06日 22:34,4876422914772613,《1997年乔·拜登 (Joe Biden) 在大西洋理事会的演讲： 俄罗斯人对我说，‘如果你继续扩大北约；我们要和中国交朋友。’我几乎笑了起来；我几乎无法控制自己，我说，“祝你们好运。如果你在中国不行，试试伊朗。 ”》1997年乔·拜登 (Joe Biden) 在大西洋理O网页链接,0,0,0
1680268880061013085222,从宇宙黑洞飞出火凤凰,03月06日 22:33,4876422647126576,"【是否应该坚守巴赫穆特？德媒称泽连斯基与乌军最高将领有明显分歧】
#德媒称乌克兰高层存在明显分歧#
乌克兰东部小城巴赫穆特已经成了俄乌冲突最血腥的新战场。德国《图片报》3月6日援引基辅消息人士爆料称，就是否应该坚守该战略重镇，乌总统泽连斯基和乌武装部队总司令扎卢日内存在明显分歧。

报 展开c",0,0,1
1680268880061013085222,调啡师,03月06日 22:33,4876422612785985,"【俄乌冲突】【#泽连斯基終於同意和谈#！】

连斯基終於同意和谈，但提出了新的条件！我国将主持俄乌和谈！

此前法国总统马克龙向泽连斯基提议，俄乌和平谈判要在巴黎举行。但在我国提出解决俄乌冲突的“十二条方案”，虽然俄乌双方没有第一时间同意。但此次乌克兰却明确表示，俄乌和谈必须有中美两国 展开c",1,4,4
1680268880061013085222,1zuohong67,03月06日 22:32,4876422223237563,俄罗斯成功阻止一起对知名人士的谋杀事件 O俄罗斯成功阻止一起对知名人士的谋杀事件,0,0,0
1680268880061013085222,莫言夕凌,03月06日 22:31,4876422034493015,莫斯科多个地点增设“铠甲”防空系统，普京参加闭门会议：加强反恐安全保护，俄媒：俄罗斯别尔哥罗德州 防空系统启动击落3枚导弹！#国际新闻 #俄罗斯 ##快手# @快手 L三明市融媒体中心的快手视频,0,0,0
1680268880061013085222,康乐春秋,03月06日 22:31,4876422005658764,IMF总裁好闲事，多次抨击中国，疫情防控政策，像森林大火蔓延，拖累全球经济，1/3国家陷入衰退。极力吹捧美国，结果适得其反，中国更有韧性，已经全面复苏。西方非常的错愕，还处于疫情中，依然无法复苏。美国还搞零元购，治安处于混乱中，却幻想搞垮俄罗斯？,0,0,0
1680268880061013085222,美东侨报,03月06日 22:31,4876421971056152,【俄称乌袭击布良斯克州平民 乌方予以否认】俄罗斯布良斯克州州长2日称，乌克兰人员自乌克兰境内潜入该州克利莫夫斯基区并发动袭击，目前造成2人死亡。受此影响，俄总统普京取消了当日的国内行程，乌克兰方面则对此予以否认。>> O网页链接,1,0,0
1680268880061013085222,方东来·,03月06日 22:30,4876421891097209,二战有一个马歇尔计划，那就是借钱给欧洲的计划，靠借款的利息养活大西洋舰队。在太平洋，靠日本韩国澳大利亚养活太平洋舰队，印度洋靠阿拉伯油气国家，国外军事基地几百个，算来算去就这么点事，也就是老美说的不改变现有的世界格局。老美说的不改变世界格局，就是不挑战他的黑社会老大的地位。现有的 展开c,0,0,0
1680268880061013085222,今日俄罗斯RT,03月06日 22:30,4876421828186902,"【白俄前总统候选人季哈诺夫斯卡娅被缺席判处15年监禁后，#波兰呼吁欧盟对白俄罗斯实施新制裁#】当地时间3月6日，白俄罗斯首都明斯克法院缺席判处前总统候选人斯维亚特兰娜·季哈诺夫斯卡娅15年监禁。在判决结果宣布后，波兰呼吁欧盟对白俄罗斯实施新的制裁。

明斯克法院在审判前表示，季哈诺夫斯卡娅 展开c",3,14,58
168026889496801841922,沙姆雄狮_EL,03月06日 22:30,4876421804326985,"俄罗斯军队使用无人机引导炮兵打击树林中的一队乌克兰步兵，乌军撤离伤兵时又吃了炮弹，伤兵被丢下。

#俄乌局势新进展##俄乌局势# L沙姆雄狮_EL的微博视频",10,2,53
168026889496801841922,蝶儿的背囊,03月06日 22:30,4876421753475450,这场战争完全可以避免，中国主张谈判解决纷争，而美国，北约，泽连斯基不答应，非要战场上一决雌雄，非要走美国“战斗只剩下一个乌克兰人”，北约不断东扩直到威胁俄罗斯安全……这场战争……#关注俄乌局势最新进展# O网页链接,0,0,0
168026889496801841922,weaverbird,03月06日 22:29,4876421627385788,"俄罗斯联邦总统上海合作组织事务特别代表、外交部无任所大使哈基莫夫访问北京后发表的声明：

俄罗斯等国支持白俄罗斯加快加入上合组织；",0,0,0
168026889496801841922,生活家生活美学馆,03月06日 22:29,4876421518857245,"惊蛰日，陕茶新添高端高山春茶

2023年3月6日，惊蛰日，是万物复苏的日子，是喊山祭茶的日子，是拥抱春天的日子。陕茶新添高端高山春茶，在西北国际茶城，见证了一个陕茶全新系列产品的诞生——和运茶业与陕茶领军品牌东裕茶茗茶达成战略合作，共同推出“和”系列产品。和系列产品，是东裕走向渠道新 展开c",0,0,0
168026889496801841922,你要乖乖的鸭123,03月06日 22:29,4876421488447932,"#俄罗斯地接##俄罗斯导游##俄罗斯旅游签#
亲故们，国门打开，来俄罗斯旅游吧！
签证30/90天办理中
莫斯科专业导游地接，让您出行无忧！ L你要乖乖的鸭123的微博视频",0,3,1
168026889496801841922,MooovTeam,03月06日 22:28,4876421367858225,"MooovTeam 这是我们在广告中制作的视觉效果的成果。
Mooov俄罗斯电影特效制作公司

#mov##move##moov##mooov##movteam##moovteam##mooovteam##moveyourdream##moovyourdream##mooovyourdream##movCG##movVFX##moovCG##moovVFX##mooovCG##mooovVFX##mooov视觉效果##mooov特效##mooov电脑视觉效果# 展开c",0,0,1
168026889496801841922,李干观世界,03月06日 22:28,4876421224726702,"国际原子能机构负责人格罗西：必须在扎波罗热核电站紧急建立核安全区

© Sputnik / Konstantin Mihalchevskiy / 跳转媒体库
国际原子能机构负责人格罗西称，扎波罗热核电站的情况表明，有必要在那里建立一个核安全区，与双方的磋商已经启动。
格罗西周一在国际原子能机构理事会会议开幕式上发言称，“ 展开c",0,0,0
168026889496801841922,侍者达芬奇,03月06日 22:27,4876421203234640,"#白俄罗斯杯##鲍里索夫#

2022-23赛季白俄罗斯杯四分之一决赛首回合，博布鲁伊斯克轮胎厂（0:5）鲍里索夫。

12′+34′瓦莱里·格罗米科、29′+68′Artem Kontsevoj、50′丹尼斯·拉普捷夫

本场是鲍里索夫球员Dmitry Bessmertniy代表的百场里程碑。",0,0,0
168026889496801841922,锯太难,03月06日 22:26,4876420926410563,安利那个俄罗斯的千层蛋糕😂虽然他们叫提拉米苏但是实际上是焦糖和蜂蜜味的（）下班之后吃一小块再泡一杯红茶，非常幸福,4,27,581
1680268909563932426177,早C晚E废学家,03月06日 22:26,4876420876337700,"真好，很高兴最近又重新燃起了对文字的热爱，因为想刻画不同的人设，于是在补e的影视作品时，认认真真琢磨人物形象和时代背景，像学生时代那样咬文嚼字的写感悟。我只是在做这件事的时候就感到无尽快乐，对我会因这些作品做出怎样的二度创作而感到期待。

我看麦狗，看俄罗斯的漫天大雪，看绿皮火车在 展开c",0,0,3
1680268909563932426177,教书人语,03月06日 22:26,4876420810017124,"俄罗斯，一年的军费开支通常是600-700亿美元左右，而欧美等西方国家，这一年援助给乌克兰的总额即相当于俄一年军费开支的2倍还多。

这一战争，之所以迟迟不能停下来，与此有很大关系",0,0,0
1680268909563932426177,剑檐琴心,03月06日 22:26,4876420776728796,狛枝这里好帅！俄罗斯转盘最高难度都能成功不愧是超高校级的幸运,0,0,2
1680268909563932426177,搞笑姐姐2023,03月06日 22:25,4876420608956835,俄罗斯和中国这座不是一般的桥，是连着友谊的桥梁 #俄罗斯 #黑河口岸 #中俄友谊大桥 - L搞笑姐姐2023的微博视频,0,0,1
1680268909563932426177,一纸琉涟,03月06日 22:25,4876420503834847,"波兰军港囤满了北约重武器，积压了对俄罗斯五百年的恨
消息来自外媒，波兰格旦斯克军港突现大量北约国家的重型武器装备。其中以美国的M1坦克和布拉德利战车为主，总数预计不少于1000辆。

不少军事分析专家相信，这些重型武器装备将在不久后悉数交接给乌克兰，并投入到俄乌冲突的前线对抗俄罗斯军队。
展开c",5,25,69
1680268909563932426177,香港衛視HKS,03月06日 22:25,4876420465560162,"据塔斯社报道，近日，LV发布了一则广告片，其中带有蓝白红三种颜色的旗帜在风中飘扬，上面还印有一个黑色的符号“V”。

对此，一些网友认为，这则视频中的元素让人不禁联想到了俄罗斯国旗，是“LV支持俄罗斯”的表现。乌克兰总统办公室主任顾问波多利亚克也在社交媒体上表达了类似的批评。

波多利亚 展开c",0,3,7
1680268909563932426177,茶白墨黑O,03月06日 22:24,4876420364897083,"关于乌克兰武装部队如何组织巴赫穆特的防御，直到最后一个乌克兰人（不仅仅是乌克兰人）
来源 wartears
不到一个月前，我们发布了该市的部队名单。今天，波杜布尼写道，巴赫穆特的乌军人数为1-1.2万人，这大约是3-4个旅。
因此，我们再次查看了我们的消息来源，看到了以下内容：
▪️ 新成立的基辅24 展开c",0,0,1
1680268909563932426177,源艺晶_曜源,03月06日 22:24,4876420230684284,"他/她/它们说，

所以，不论是你们说的香菜、星星、红月……

其实都是印度人、尼泊尔人，在太阳宗教、牧斯林、天主教、基督教，

做的各种跳板，

哪个对自己有利，就跳哪个。

现在最后一张印度人、尼泊尔人的跳板，应该就是俄罗斯的东正教。",0,0,0
1680268909563932426177,四川魏静,03月06日 22:23,4876420137883019,"【#俄罗斯顶级科学家被皮带勒死家中# ，曾研发新冠疫苗】
当地时间3月2日，俄罗斯顶级科学家安德烈·博蒂科夫在位于莫斯科西北部的公寓里被人用皮带勒死。博蒂科夫是俄罗斯国家流行病学和微生物学研究中心的高级研究员，2020年因研制出“卫星五号”新冠疫苗而被俄罗斯政府授予祖国功绩勋章，自从俄乌战 展开c",1,2,12
1680268909563932426177,天津外事,03月06日 22:23,4876420122154283,天津市与白俄罗斯莫吉廖夫州签署深化合作三年行动计划（2023—2025年）O天津市与白俄罗斯莫吉廖夫州签署深化合作三年行动计划（2023—2025年）,0,0,0
168026892462302033237,航空新视野-赤卫,03月06日 22:23,4876420117168896,"俄罗斯空天军装备的苏-35S战斗机，有一说一，图1这样的照片不难，图2这样的照片水平很高啊。喜欢摄影的网友，大家知道图2是怎样拍的吗？
图片转自网络，侵删",8,12,24
168026892462302033237,雪域里的星星,03月06日 22:22,4876419954644325,这么说来，俄罗斯也能在阿拉斯加存放弹药喽？,0,0,0
168026892462302033237,武术家马海松,03月06日 22:22,4876419827504243,俄罗斯一邻国选举结果出炉，乌克兰看后笑了@新浪博客 O俄罗斯一邻国选举结果出炉，乌克兰看后笑了,0,0,0
168026892462302033237,Mutterseelenallein,03月06日 22:22,4876419753051424,"AlinaGorbacheva
【2023俄罗斯大奖赛总决赛】

自由滑六练热身 LMutterseelenallein的微博视频",0,0,0
168026892462302033237,叁山皎月,03月06日 22:22,4876419739949216,"如果俄罗斯输了：
1、俄罗斯可能分成几个国家，然后都倒向西方。
2、俄罗斯的油田被西方控制，油价也被西方左右。
3、北约继续东扩至东亚。
4、美西方把手段复制过来亚洲这边，针对我们，我们的压力会更大。
5、俄罗斯的联合国常任理事国席位可能变成德国或者印度的。
6、世界各国更加的怕美国，会有更 展开c",0,0,0
168026892462302033237,寰亚SYHP,03月06日 22:21,4876419584762034,白俄罗斯明斯克法院，以缺席判决反对派人物季哈诺夫斯卡娅15年监禁。季哈诺夫斯卡娅被指控犯有12项罪名，包括“串谋违宪夺权”。去年2月26日，她单方面宣布自己是白俄罗斯领导人，目前在国外。,11,46,318
168026892462302033237,Flug,03月06日 22:21,4876419517649669,今天上了牌已经算完美结束了，俄罗斯历史别来烦我明天烦也行,0,0,0
168026892462302033237,航空新视野-赤卫,03月06日 22:21,4876419505324053,俄罗斯空天军装备的苏-35S战斗机，虽然这架战斗机的涂装掉色明显，不过有一说一，这照片拍得不错啊，俄罗斯这个空军基地的空气通透度真好啊。这样的自然环境下，容易出大片。,1,1,6
168026892462302033237,wzstywzgyb,03月06日 22:21,4876419472299499,俄罗斯铁路公司表示，在在满洲里方向的外贝加尔斯克口岸，俄方铁路运力仅仅能够满足14.2%左右的货运需求，俄罗斯企业库存堆积如山的商品无法快速变现。O针对还给中国的领土，俄罗斯有个新想法，俄方重点选在了黑瞎子岛来自@凤凰新闻客户端,0,0,0
16802689389610481444,蜗牛驮着大肥象,03月06日 22:21,4876419463122318,"🇷🇺⚔️🇺🇦截至15:00（莫斯科时间）的巴赫穆特之战情况……“绞肉机”将继续

◽️ 乌克兰军队发起反击以在完全撤离的情况下维持与城市的连接通道（尽管城市处于作战包围之下）。
◽️乌克兰司令部正在从城市中部分撤离驻军。通往 Konstantinovka 和 Chasiv Yar 的唯一道路处于俄罗斯部队的 展开c",3,3,19
16802689389610481444,鹅毛毛丹尼尔,03月06日 22:20,4876419416983923,"🇺🇦乌克兰武装部队担心俄罗斯军队的推进，正在加强切尔诺贝利地区的力量。
“国防军正在加强切尔诺贝利地区的防御，以防北方的进攻。他们已经开始在那里建造据点和防御工事。”媒体进行了报道。
最近，那里举行了军事演习。 L鹅毛毛丹尼尔的微博视频",1,5,54
16802689389610481444,我叫肥佬黎,03月06日 22:20,4876419311604368,"拼夕夕互助#互助拼多多# 0.3r出一次助力，可接多量。提供过程截图，可先刀后米

【还有少量新人】

2r 5次 5r20次 10r50次
支持先用后付！

我也是，在法国和瑞士待久了都有点吃不惯中餐了，另外附上法国和瑞士得地道食品在俄罗斯待久 ???在俄罗斯待久了 ???",0,0,0
16802689389610481444,用户6377377000,03月06日 22:20,4876419290635311,//分享网易视频:《俄罗斯的战术秘笈泄露，乌克兰如获至宝！》 O俄罗斯的战术秘笈泄露，乌克兰如获至宝！ @网易新闻客户端 #网易新闻#,0,0,0
16802689389610481444,聚青城,03月06日 22:20,4876419207533685,"【突破500列！】记者从中国铁路呼和浩特集团有限公司了解到（以下简称国铁呼和浩特局），3月4日，随着1293次中欧班列满载着55个40英尺集装箱，鸣笛驶出国门，开往德国汉堡，标志着今年以来经二连浩特铁路口岸接运中欧班列突破500列。

据国铁呼和浩特局统计，目前，经二连铁路口岸运行的中欧班列线路已 展开c",0,0,0
16802689389610481444,观察者网,03月06日 22:20,4876419206745094,"【是否应该坚守巴赫穆特？德媒称泽连斯基与乌军最高将领有明显分歧】
#德媒称乌克兰高层存在明显分歧#
乌克兰东部小城巴赫穆特已经成了俄乌冲突最血腥的新战场。德国《图片报》3月6日援引基辅消息人士爆料称，就是否应该坚守该战略重镇，乌总统泽连斯基和乌武装部队总司令扎卢日内存在明显分歧。

报 展开c",17,36,175
16802689389610481444,无心简影,03月06日 22:19,4876419182365746,【#英国向欧洲大陆输气管道暂停供气#，或加剧欧洲大陆天然气短缺】据今日俄罗斯电视台网站报道，4日晚，运营商发布通知称，因设备故障问题，英国通过比利时向欧洲大陆输送天然气的重要管道之一“互连”天然气管道暂停供气，并持续至3月8日。此次管道的故障可能进一步加剧欧洲大陆天然气短缺的状况。 展开c,6,21,105
16802689389610481444,兵家环球超级军事大本营2023,03月06日 22:19,4876419152222112,中国兵家环球军事超级大本营:俄罗斯联邦车臣共和国总统被传病重，其儿子面见俄罗斯总统普金。#普金##车臣##俄罗斯#,0,0,0
16802689389610481444,快兰斯24小时财经直播2,03月06日 22:19,4876419001750514,实时播报：俄罗斯天然气股份公司（Gazprom）发售价值2.286亿欧元的本土债券，以置换其欧元债券。,0,0,1
16802689389610481444,戴草帽的稻草人1982,03月06日 22:19,4876418984445232,"3月6日，俄罗斯国防部发布消息称，国防部长绍伊古视察了包括马里乌波尔在内的顿巴斯基础设施恢复工作，高度评价了军事建筑综合体的建设工作。

国防部称，绍伊古在俄联邦顿涅茨克人民共和国马里乌波尔视察了已交付设施的准备情况以及在建建筑物和设施场地上的施工进度，并详细了解了由军事建筑部队建造 展开c",0,0,0
168026895326101841921,俄罗斯卫星通讯社,03月06日 22:19,4876418952204780,【中国出生人口减少冲击教育行业】几年前，孩子“入园难”“入园贵”的问题困扰着一些中国的父母们，而现在幼儿园“一孩难求”的话题引发热烈讨论。中国专家在接受俄罗斯卫星通讯社采访时表示，出生人口减少对中国的学校招生产生了较大冲击。学校可以抓住这一时机提高教学质量，并更加重视教育资源的合 展开c,5,15,56
168026895326101841921,币圈途说,03月06日 22:18,4876418935163785,"瓦格纳士兵的命运：死路一条。唉，动员兵又何尝不是这样。整个的俄罗斯仿佛被帝国梦催眠了一样，僵尸般地走向死亡。

#俄罗斯# #乌克兰# #乌克兰战争# #俄罗斯乌克兰#",0,2,4
168026895326101841921,公民网官网,03月06日 22:18,4876418859933913,【#俄罗斯顶级科学家在家中被皮带勒死#，系俄新冠疫苗研发者之一】 #俄新冠疫苗研发者被勒死家中# 当地时间3月2日，俄罗斯顶级科学家安德烈·博蒂科夫（Andrey Botikov）在位于莫斯科西北部的公寓里被人用皮带勒死。俄罗斯联邦调查委员会称，正对这起谋杀案进行调查。博蒂科夫是俄罗斯国家流行病学和微 展开c,0,0,0
168026895326101841921,用户6338609061,03月06日 22:18,4876418759265567,《西方最严厉制裁彻底失败，俄罗斯幽灵油轮出动，向全世界送货》此视频已有2138次播放，快来一起看看！O网页链接,0,0,1
168026895326101841921,侍者达芬奇,03月06日 22:18,4876418712865384,"#白俄罗斯杯#

2022-23赛季，白俄罗斯杯四分之一决赛首回合，若基诺鱼雷（2:1）索利戈尔斯克矿工。

14′Aleksandr Chizh（德米特里·利萨科维奇助攻）、90+4′Evgeni Shevchenko/35′马克西姆·斯卡维什（点球）",0,0,0
168026895326101841921,清静无为道心,03月06日 22:18,4876418708152264,为什么美帝污蔑中国企业向俄罗斯提供非致命性援助？为什么美帝污蔑中国计划向俄罗斯提供致命性援助并叫嚣让中国付出沉重代价（当然，此举是美帝玩弄宋高宗与秦桧的莫须有手段罢了）？令人想到这样的一幕：深夜，胆小如鼠之人吹着口哨孤身过坟场。两个字可概括美帝的心态：恐惧！,0,0,0
168026895326101841921,鲁登君,03月06日 22:17,4876418633438156,"杨幂 思维的由此及彼
说到南非，自觉不自觉地会想到曼德拉；说到利比亚，自觉不自觉地会想到卡扎菲；说到伊拉克，自觉不自觉地会想到萨达姆；说到俄罗斯，自觉不自觉地会想到……当然，不同的人，会想到不同的人。",0,0,0
168026895326101841921,用户6377377000,03月06日 22:16,4876418351628600,//分享网易视频:《俄罗斯的战术秘笈泄露，乌克兰如获至宝！》 O俄罗斯的战术秘笈泄露，乌克兰如获至宝！ @网易新闻客户端 #网易新闻#,0,0,0
168026895326101841921,67号喜羊羊,03月06日 22:16,4876418300774087,谋杀！当地时间3月2日，俄罗斯顶级科学家安德烈·博蒂科夫（Andrey Botikov）在位于莫斯科西北部的公寓里被人用皮带勒死。 L67号喜羊羊的微博视频,29,12,46
168026895326101841921,今日俄罗斯RT,03月06日 22:15,4876418108627466,"【#俄罗斯空降部队突击画面#】俄罗斯空降部队在特别军事行动中突击了敌军的地面阵地。

3月6日，俄罗斯国防部公布了在乌克兰特别军事行动中以第一人称视角拍摄的空降部队作战画面。

俄国防部报告称，视频拍摄日期不明，但在此次行动中，俄士兵歼灭了乌克兰武装部队6名士兵，且俄方没有出现任何人员伤 展开c",27,65,376
1680268972042027172239,PetrGumennik豆雁窝,03月06日 22:15,4876418063009484,"俄罗斯大奖赛决赛
给粉丝签名的选手们
Petr Gumennik
@ForBoikovaKozlovski
@DmitriAliev如诗的冰上轨迹

cr. nadergulovad",1,0,20
1680268972042027172239,京讯网安徽,03月06日 22:15,4876417944260085,"【巴西发现一例疯牛病病例，多国暂停进口巴西牛肉】当地时间3月2日，巴西农业部通报，巴西北部出现一起疯牛病病例，目前还在等待调查结果。泰国、伊朗、约旦已经暂停进口巴西产牛肉。

巴西农业部2月20日收到该国北部帕拉州农牧部门的报告，称该州一处牧场出现疑似疯牛病病例，经过调查，确认这家牧场 展开c",0,0,0
1680268972042027172239,匪石Doreen_qwe,03月06日 22:14,4876417919879925,歷史＊母系父系是指原始社會，也就是歷史記載可查的河姆渡時期與半坡時期，這時期人類是有愛與公平的，但局限在本民族範圍內。從夏朝開始的奴隸社會到春秋戰國結束，是極其殘暴的強迫階級關系，新技術帶來的不是人民的生活福祉而是對傳統的身體掠奪，問題就出在狹隘民族主義例如民族間戰爭，中國四大區 展开c,0,0,0
1680268972042027172239,甲子202212,03月06日 22:14,4876417801918225,"俄乌战争已经历时一年啦！以白人种英国殖民后裔美国为首的西方国家一天比一天实质介入俄乌战争，明目张胆，太猖獗！
以英帝国白种人的鬣狗本性在今天还是没有被时代文明进化改造：永远利益至上！世界的主宰要永远是他们，哪个异族国家有超过他们就要想办法灭之！
一百多年来英国殖民白种人吃尽了殖民掠 展开c",0,0,0
1680268972042027172239,微风携吹,03月06日 22:14,4876417743986220,据统计俄军在此次俄乌战争中的军事装备损失惨重，估计坦克超过2000辆左右，这个数字是很惊人的，因为自二战之后俄军进行过大大小小的战争，例如阿富汗战争，两次车臣战争，格鲁吉亚七日战争和克里米亚半岛战争，这些战争的时长和烈度远远无法和俄乌战争相比，当然俄罗斯在开战之初也没有想过会进行这么 展开c,0,0,0
1680268972042027172239,币圈途说,03月06日 22:13,4876417562842086,"《金融时报》写道，由于担心乌克兰随后会收到远程导弹，俄罗斯没有从伊朗购买弹道导弹。

#乌克兰##乌克兰战争##俄乌局势##俄罗斯#",0,0,1
1680268972042027172239,Uglyllliiiu,03月06日 22:13,4876417521160917,读俄罗斯文学的第一步是先去先到一张人物关系图，凭借此我不用再挣扎在人名的漩涡中。,0,0,0
1680268972042027172239,用户5528178144,03月06日 22:11,4876417151804016,"没有中国的军事援助，俄罗斯是打不赢的，俄罗斯“岳飞”预言
L用户5528178144的微博视频",0,0,0
1680268986341017559169,剧不慌,03月06日 22:11,4876417140266867,"俄罗斯二战军事历史片:《猎杀 T-34 (2019)》
先👍后看，求关住@剧不慌
★ 俄罗斯金鹰奖最佳导演、最佳改编剧本、最佳视觉效果奖和最佳电影等九项提名

T-34，二战时期在苏联防御中使用的苏联中型战车。

影片根据二战真实事件改编 …
L独处的纳兰88的微博视频",65,3,64
1680268986341017559169,嗯嗯好的好呢,03月06日 22:11,4876417055331512,"雪大的拍不出来❄️
俄罗斯的冬天真的太长
能体会到一些俄罗斯文学中的苦的",0,12,17
1680268986341017559169,坦荡荡--,03月06日 22:11,4876416947325168,世纪之交的俄罗斯，四十八岁的普京。,0,0,0
1680268986341017559169,今日俄罗斯RT,03月06日 22:10,4876416753077014,"【#俄罗斯唯一的女性宇航员将于近日返回地球#】3月6日，据俄罗斯国有航天集团公司网站上发布的报告称，俄罗斯唯一的女性宇航员安娜•基基娜将于3月9日与考察组成员一起乘坐美国“龙”飞船离开国际空间站返回地球。

据悉，安娜•基基娜10月作为“龙”飞船第5次商业任务（Crew-5）国际考察组成员到达国 展开c",4,6,89
1680268986341017559169,3血色浪漫,03月06日 22:10,4876416691473426,"我看网络上有很多传言，说俄罗斯如果倒向中国，会成为中国的加拿大，也就是单纯卖资源的角色，我感觉这就过于小看俄罗斯了，俄罗斯横竖也是个工业国，生产不了大飞机，但是集中资源，生产一部分零部件总归是可以的。

如果我们从另一个维度来理解美国和加拿大的关系，也许可以对中俄关系的未来有更清晰 展开c",0,0,0
1680268986341017559169,这就是宇宙,03月06日 22:09,4876416628558596,介文汲：美国不断想通过俄乌冲突将中国大陆与俄罗斯划等号，但乌克兰不肯配合导致无法得逞#中国##台湾##俄乌局面##关注俄乌局面最新停顿# L这就是宇宙的微博视频,0,0,0
1680268986341017559169,无心可静_,03月06日 22:09,4876416555947683,如果俄罗斯输了，后果对中国危害极大，所以中国绝不能让这种情况发生，必须千方百计地曲线援助俄罗斯,0,2,6
1680268986341017559169,颜值荟萃,03月06日 22:09,4876416548864939,俄罗斯网红在街头对美女小姐姐随机采访，不得不说俄罗斯美女还是挺多的！#颜值##街拍##美女##哎呀好身材##搞笑视频##搞笑# L颜值荟萃的微博视频,0,0,0
168026900197402721467,扎西德勒·天珠文化,03月06日 22:09,4876416505616323,俄罗斯10岁男孩遇袭中弹后，掩护2名女童藏进树林，被授予“英勇与勇气”奖章。 L扎西德勒·天珠文化的微博视频,3,3,103
168026900197402721467,毛毛是嘉姐,03月06日 22:09,4876416451611751,"人鱼小姐：朱旺跟芮莹玩俄罗斯方块，真是童年记忆了
L毛毛是嘉姐的微博视频",0,0,0
168026900197402721467,著名小飞鱼,03月06日 22:08,4876416422514462,"看电影/碟片20230302之《特工008》
少有的俄罗斯影片，从名字看不是致敬007就是挑战007.",0,0,0
168026900197402721467,杞人忧天一二三,03月06日 22:08,4876416284625498,对乌克兰的过度挤压会不会导致其极端化？不能完全排斥这种可能性，真如此，就是俄罗斯的噩梦，也是欧洲的噩梦！,0,0,0
168026900197402721467,MorinoBunny_苏尚卿的留声机,03月06日 22:08,4876416271262741,"苏尚卿 #苏尚卿#
【留声机声音印记42】哦瞧瞧这个小帅哥是谁呀晚安啦（出自动画《冰雪女王3：火与冰》（俄罗斯）中配版 角色：凯） LMorinoBunny_苏尚卿的留声机的微博视频",0,7,25
168026900197402721467,3血色浪漫,03月06日 22:07,4876416149621967,"俄罗斯家里资源有的是，不止油气，很多矿产资源的探明储量都是世界第一，我在《俄乌一周年》里说过，中俄在产业上有很大的互补性。

何况客户也不止中国一个，资源是硬通货，其实是不愁卖的，就看俄罗斯愿不愿意卖。

二是长期的，重整制造业体系，创造就业和税收。

俄罗斯工业的问题在于，它依然试图 展开c",0,0,0
168026900197402721467,东方穆萨,03月06日 22:07,4876416124984754,"【比利时农民开拖拉机封锁布鲁塞尔市中心】据俄罗斯卫星通讯社报道，数千名比利时农民将拖拉机开进布鲁塞尔市中心，要求取消要关闭数十个农场的计划。
抗议者封锁了城市的中心部分。当局建议居民不要前往该地区。组织者称，他们已经宣布，有3000多辆拖拉机参与了这次行动，而按照警方在当天 展开c",0,0,0
168026900197402721467,京东乐道翁,03月06日 22:07,4876416116331090,维克多·尼古拉耶维奇·尤什科维奇 Victor Nikolaevich Yushkevich 白俄罗斯艺术家 1961-『风景画大师尤什凯维奇的绘画，无尽透彻的光，独特的森林与田野之美！』O风景画大师尤什凯维奇的绘画，无尽透彻的光，独特的森林与田野之美！,0,0,1
168026900197402721467,从宇宙黑洞飞出火凤凰,03月06日 22:07,4876416112663850,【#英国向欧洲大陆输气管道暂停供气#，或加剧欧洲大陆天然气短缺】据今日俄罗斯电视台网站报道，4日晚，运营商发布通知称，因设备故障问题，英国通过比利时向欧洲大陆输送天然气的重要管道之一“互连”天然气管道暂停供气，并持续至3月8日。此次管道的故障可能进一步加剧欧洲大陆天然气短缺的状况。 展开c,0,0,0
1680269018968032674189,小麦撒野,03月06日 22:07,4876416107417763,"苏联烈士墓

中国境内目前有58处苏联烈士墓，主要集中在东北3省、内蒙古东部、河北省北部，在武汉、重庆等城市也有零星分布。

众所周知，俄罗斯是战斗的民族，也是崇尚英雄的国度，在苏联时期，几乎每个城市的中心都是烈士陵园，由英雄塑像、长明灯广场、纪念碑和坦克雕塑（或飞机）组成，苏联解体后 展开c",0,0,5
1680269018968032674189,w想吃桃子,03月06日 22:07,4876415953015066,在俄罗斯待久了，回中国吃不惯中国的粉，特地让朋友给我带了罗斯粉，还是那个熟悉的感觉。,0,0,0
1680269018968032674189,霂_祈慕_774,03月06日 22:06,4876415893773091,"芙清祛痘凝胶29.9
敷尔佳敷料18.9
绽妍小水库祛痘黑面膜 19.9

我们遵旨准备返程，一切就绪了，她老人家又看着满海滩白白胖胖的俄罗斯女人好玩，跟人家“哈啰哈啰”的，有点兴趣盎然。看着渔民刚打捞的螃蟹大虾，忍不住叫我们买了，她猫在房间大快朵颐。眼看快到点了也不让收拾行装，不 展开c",0,4,0
1680269018968032674189,币圈途说,03月06日 22:06,4876415868868363,"生活在战争中继续。。。第 123 尼古拉耶夫旅的一名士兵，呼号“教授”直接在战壕里向他的学生在线咨询。

#乌克兰##乌克兰战争##俄罗斯#",0,0,0
1680269018968032674189,雪莉伏洛捷卜,03月06日 22:06,4876415823253591,"泪目
俄罗斯虽大 但我们已经无路可退 我们的身后就是莫斯科！",0,0,0
1680269018968032674189,战略安全与军控在线,03月06日 22:06,4876415818531763,"【俄国防部长主持会议讨论武器保障等问题】
据外媒报道，俄罗斯国防部4日表示，俄国防部长绍伊古在联合部队总部主持召开会议，重点讨论了俄军武器和弹药保障等问题。绍伊古听取了相关工作汇报，还特别强调了组织预备役人员的实战训练、军事和政治相关活动等问题。稍早前，绍伊古视察了顿涅茨克南部方向 展开c",0,0,2
1680269018968032674189,战略安全与军控在线,03月06日 22:06,4876415771611072,"【武契奇:塞尔维亚向乌克兰出售武器是“谎言”】
据外媒5日报道，塞尔维亚总统武契奇表示，塞尔维亚向乌克兰出售武器的有关报道是“公然的谎言”，并指出塞尔维亚既不向乌克兰也不向俄罗斯提供军事武器。
武契奇说：""我们谈论的是一个公然的谎言。塞尔维亚没有向任何人输送武器。塞尔维亚生产和销售弹 展开c",4,1,6
1680269018968032674189,-Wagner-,03月06日 22:06,4876415759811316,"玻利瓦尔英雄之地
🇷🇺扎波罗热代理州长叶夫根尼·巴利茨基今天说，作为苏多普拉托夫志愿营一部分为俄罗斯而战的塞尔维亚人将能够获得俄罗斯联邦公民身份。

▪️塞尔维亚总统武契奇3月1日在接受采访时说，前往特别军事行动区作战的塞尔维亚人在返回塞尔维亚时将被逮捕

🇷🇺扎波罗热代 展开c",2,3,24
1680269018968032674189,战略安全与军控在线,03月06日 22:06,4876415742247814,"【俄媒：俄工程师研发出具有夜视功能的无人机，可用于监控油气管道】
据外媒报道，俄罗斯国家技术倡议项目支持基金当地时间5日告诉媒体，俄罗斯Clevercopter公司研发出一型名为“Airmedic MINI”的无人机，该型无人机可以配备夜视摄像头，用来监控石油和天然气管道。该基金在一份声明表示，“俄罗斯工 展开c",4,1,10
168026903881902033236,吉尔吉斯卡巴尔通讯社,03月06日 22:06,4876415722327576,"比什凯克小伙“俄罗斯好声音“晋级

音乐选秀节目《俄罗斯好声音》第11季已于3月3日拉开帷幕。最新一期节目中，来自吉尔吉斯斯坦选手的弗拉德·佐托夫凭借出色唱功，成功通过盲选，进入一名导师战队。

弗拉德·佐托夫今年27岁，此次演唱的是伊万·库帕拉乐队知名歌曲《Kostroma》。导师波琳娜·加加林娜 展开c",0,0,0
168026903881902033236,素人观点,03月06日 22:06,4876415684580962,"#俄乌局势##俄乌局势新进展# 俄罗斯和伊朗推出新的运输走廊
双方审议了南北运输走廊雷什特-阿斯塔拉段铁路连通项目的完成。

这意味着：

●在未来的MTK南北方向重新定位货物流向俄罗斯方向。里海、波斯湾和印度将成为俄罗斯与国际经济的对接枢纽。
● 加快伊朗、阿塞拜疆和俄罗斯之 展开c",2,3,13
168026903881902033236,文行先生wenxing,03月06日 22:05,4876415642633161,"《普京错哪了？中国怎么办？》

——作者：文行先生

本公众号矢志于西方伪史研究，今破例谈谈俄乌冲突。

俄乌冲突一周年，不少文著视频谈论俄乌冲突，大家讲的比较多的是，俄罗斯失算，高估自己军力和低估乌克兰抵抗力。

在我看来，普京最大的失算是美国战略东移的决心。

在俄乌冲突之 展开c",3,4,6
168026903881902033236,海客新闻,03月06日 22:05,4876415625858137,【#男子在俄富豪汽车底部安装炸弹# 俄安全局及时拆除阻止爆炸】当地时间3月6日，俄罗斯联邦安全局通报，挫败了一起暗杀俄罗斯察里格勒集团公司负责人康斯坦丁·马洛费耶夫的企图。 据公布的监控视频显示，一名头戴连衣帽的黑衣男子趁周围无人，在一辆黑色轿车下安装炸弹。随后，俄罗斯联邦安全局利用设 展开c,4,0,8
168026903881902033236,我是玉昆,03月06日 22:05,4876415508154319,由于美国将美元武器化的特殊原因，人民币国际化首先在俄罗斯获得戏剧性的突破。O媒体：人民币首次成为俄罗斯交易量最大的外币,0,0,0
168026903881902033236,诸葛小彻,03月06日 22:04,4876415184932878,【本土遭袭俄控诉北约，美撇清关系拉俄会晤、战事不利乌恐被出卖】近期，俄罗斯本土遭遇袭击，俄直接控诉北约，虽然这次袭击由乌克兰发起，但北约国家无疑起到推波助澜的作用。#诸葛小彻# #微博公开课# O本土遭袭俄控诉北约，美撇清关系拉俄会晤、战事不利乌恐被出卖,0,0,2
168026903881902033236,抱抱-豹豹,03月06日 22:03,4876415084797295,b站有几个做影视讲解和国际政治的up，他们的视频真的质量很高，看得出来做得很认真。但是就是不火。那个“多明海”是少见的没有迎合大众想法，自己认真找资料做视频的up，当然更新也很慢，我一般都攒着看。第一次关注的时候，看完了视频就把他取关了，因为嫌他视频少、更新慢，外加那时候本人也比较浮 展开c,0,2,0
168026903881902033236,善资雅,03月06日 22:03,4876415080337737,"杨世光在金钱爆
------免费版笔记------
1、OPEC减产破局？
（1）阿联酋称并没有离开OPEC计划
（2）OPEC现在的老大是沙特
（3）阿联酋对限产非常不满
（4）沙特想取代中东金融中心
（5）几场大型峰会，只要在沙特办的，阿联酋就不参加
（6）阿联酋对俄罗斯军事产品的输出来到历史高点，欧美警告，阿联 展开c",0,0,7
168026903881902033236,遵义好房子网,03月06日 22:03,4876415050190119,【突发！#俄罗斯顶级科学家被皮带勒死家中# ，曾研发新冠疫苗 】当地时间3月2日，俄罗斯顶级科学家安德烈·博蒂科夫在位于莫斯科西北部的公寓里被人用皮带勒死。博蒂科夫是俄罗斯国家流行病学和微生物学研究中心的高级研究员，2020年因研制出“卫星五号”新冠疫苗而被俄罗斯政府授予祖国功绩勋章，自从 展开c,0,0,0
168026903881902033236,透明的怪叔叔,03月06日 22:03,4876414971549276,西方国家很关心中国会否給俄羅斯武器，或許他們要先定義，是否給了武器就是參战，因为他們給了烏克蘭很多武器，是否等於已經參战,0,0,1
1680269055229032674182,上海合作组织,03月06日 22:02,4876414895529873,"【俄外交部: 上合国家没有将组织变成军事政治集团的任务】

俄罗斯总统上合组织事务特别代表巴赫季耶尔•哈基莫夫周一向俄罗斯记者总结访华成果时表示，上海合作组织成员国没有将组织变成军事政治集团的任务。

他强调，""我们不和任何人对抗。2015年在乌法通过的《上合组织至2025年发展战略》中明确写 展开c",2,1,17
1680269055229032674182,HW前HR,03月06日 22:02,4876414874033998,"美金融机构评估报告：俄石油产量将在今年6月恢复正常水平！

由于印度和非洲等地方大量增加进口俄罗斯石油，欧美对俄罗斯石油绞杀是失败的。

美国金融服务机构摩根大通银行近日发布评估报告认为，尽管西方国家针对俄罗斯石油实施了多轮制裁，导致俄对欧洲的石油出口减少，但由于来自亚洲地区的需求增 展开c",54,55,674
1680269055229032674182,独处一亩三分地,03月06日 22:02,4876414823959586,"^today.1473
这几天度日如年，上厕所收到消息今晚领导不在，和同事忍不住拳拳相碰握手跳起舞，晚上工作忙却感到舒心，终于熬到了明后天休息，还没想好这美妙的夜晚如何度过，要无所事事发呆干饭追剧看熊猫，最近沉迷中国花花韩国福宝日本香香俄罗斯如意.......免费球球装饰品，不花钱的好看。",0,6,6
1680269055229032674182,仰望弗洛伊德,03月06日 22:02,4876414748723613,"介文汲：德美之间立场转变，舒尔茨访美硬气，拜登不再放狠话

#美国##关注俄乌局势最新进展##中美关系##泽连斯基称若战败美国人将把儿女送战场战死##台海局势##欧盟##俄罗斯##乌克兰局势##俄乌战争##乌克兰##德国# 2厦门 L仰望弗洛伊德的微博视频",4,0,17
1680269055229032674182,京东乐道翁,03月06日 22:02,4876414720155157,俄罗斯风景绘画大师德米特里 ·莱文对风景油画中的光线进行多年研究，并在他的作品中表现的淋漓尽致。,0,1,1
1680269055229032674182,蒙古格日,03月06日 22:02,4876414718836803,"在蒙滞留俄卡尔梅克籍避难旅客，现身美国

今年的2月23日，俄罗斯卡尔梅克籍公民巴特尔，从哈萨克斯坦乘坐航班飞抵蒙古国乌兰巴托后，因为护照过期等原因蒙方不准其入境，在新成吉思汗国际机场被迫滞留了数天。

由于他把在蒙古国机场滞留的经过和遭遇，发布在了“脸书”网站上，引发了网民们的热议。
展开c",1,2,4
1680269055229032674182,赵所生,03月06日 22:01,4876414597731202,【白俄罗斯之“白”何意】在白俄罗斯语中，其国名为Беларусь，字面意即白色纯正的俄罗斯。他们认为白俄罗斯人比俄罗斯人和乌克兰人具有更纯正的斯拉夫血统。因白俄罗斯语“Бе”的发音与汉语“白”的发音相同，都有纯正义，故将“Беларусь”翻译成“白俄罗斯”，既是音译，也是意译。,10,3,19
1680269055229032674182,何新老家伙,03月06日 22:01,4876414530355409,"驳官科伪证西方伪史的诡辩逻辑

生民无疆引用近日南方系一官科的如下奇谈：

“在一些流言中，金字塔伪造论、希腊伪史论、西方伪史论，甚至有说中国的长城也是伪造的……这都是咋回事呢？

必须要说明：雄伟的金字塔、蜿蜒的长城、瑰丽的雅典卫城，100%全都是真的。上述古代史及其工程奇迹，不但有文物 展开c",45,0,123
1680269055229032674182,看看新闻KNEWS,03月06日 22:00,4876414324576803,【巴赫穆特激战之际 俄乌高官先后抵达前线鼓舞士气】俄罗斯《消息报》5日称，俄军在巴赫穆特获得了对乌军的优势，但还没有成功将乌军部队赶出该市，在不久的将来也无法完全包围这座城市。4日，绍伊古视察了在顿涅茨克的东部军区所属集团军的一个前线指挥所，在那里听取了副国防部长关于组织不间断保障 展开c,6,13,58
1680269055229032674182,互联网分析师于斌,03月06日 22:00,4876414199011728,"如果俄罗斯输了：
1、俄罗斯可能分成几个国家，然后都倒向西方。
2、俄罗斯的油田被西方控制，油价也被西方左右。
3、北约继续东扩至东亚。
4、美西方把手段复制过来亚洲这边，针对我们，我们的压力会更大。
5、俄罗斯的联合国常任理事国席位可能变成德国或者印度的。
6、世界各国更加的怕美国，会有更 展开c",10,33,90
1680269083819017559163,身为里中横,03月06日 22:00,4876414195863761,"【乌克兰军队没有离开巴赫穆特！ 这座城市还在坚持】
#关注俄乌局势最新进展#
尽管俄罗斯人正试图包围这座城市，但乌克兰军队正在对入侵者进行拼死抵抗。
第 93 Kholodny Yar 旅无所畏惧敌人的攻击，镜头带你接触乌克兰战争吞噬城市的每一米。 L身为里中横的微博视频",2,6,46
1680269083819017559163,梁无咎,03月06日 22:00,4876414182232346,"提问：就是因为北约和日韩都是一伙人，所以我们更要团结俄罗斯，来对抗他们。你觉得呢？

回答：如果你这样想，那恭喜你成功加入了俄罗斯的两桌麻将群。然后8个对抗人家144个。

脑抽筋了，一天天叫嚷对抗这对抗那。才吃饱饭几天？

菜鹅因为侵略乌克兰，现在是过街老鼠，人人喊 展开c",17,53,206
1680269083819017559163,星槎泛海,03月06日 21:59,4876414119057048,"黄遵宪，字公度，别号人境庐主人。清朝大臣、爱国诗人、外交家、思想家、政治家、改革家、教育家、文学家、史学家、民俗学家，梅州八贤之一。李鸿章死后，黄遵宪作《李肃毅侯挽诗四首》其三曰：
“毕相伊侯久比肩，外交内政各操权。
抚心国有兴亡感，量力无能左右旋。
赤县神州纷割地，黑风罗刹任飘船 展开c",1,1,0
1680269083819017559163,baisublog123,03月06日 21:59,4876413939226448,俄罗斯的伟大复兴，不能缺少乌克兰。是这样吧。,0,0,0
1680269083819017559163,-Wagner-,03月06日 21:58,4876413850619564,"玻利瓦尔英雄之地
🇷🇺今天是苏霍伊设计局试飞员伊戈尔·维克托罗维奇·沃廷采夫的70岁生日。

🇷🇺伊戈尔·维克托罗维奇·沃廷采夫驾驶苏-34战斗轰炸机、苏-47金雕机翼后掠翼飞机升空并进行了测试，参加了苏-24、苏-25、苏-27、苏-30、苏-35和改装飞机的测试。

🇷🇺🎖️由于 展开c",0,1,11
1680269083819017559163,跃报,03月06日 21:58,4876413821784030,"俄罗斯军事科学博士康斯坦丁∙西夫科夫对卫星通讯社表示，英国向美国购买“标枪”导弹的计划可证明其在准备向乌克兰派出远征军。
#俄乌局势##战事升级#",0,0,0
1680269083819017559163,longzeya20,03月06日 21:58,4876413814179426,"拼夕夕互助#互助拼多多# 0.3r出一次助力，可接多量。提供过程截图，可先刀后米

【还有少量新人】

2r 5次 5r20次 10r50次
支持先用后付！

我也是，在法国和瑞士待久了都有点吃不惯中餐了，另外附上法国和瑞士得地道食品在俄罗斯待久 ???在俄罗斯待久了 ???",0,0,0
1680269083819017559163,论说事,03月06日 21:58,4876413805527491,"焦点论坛泽连斯基越来越疯狂了！派出暗杀人员要刺杀俄罗斯企业家。
3月6日，俄罗斯察里格勒集团董事会主席马洛菲耶夫表示，乌克兰情报部门对其实施了暗杀行动。
据悉，俄罗斯联邦安全局获得了准确情报，并出手阻止了这次暗杀。
具体过程就是，情报人员在马洛菲耶夫的汽车地下，发现了一枚自制 展开c",1,4,8
1680269083819017559163,囚徒健身志,03月06日 21:58,4876413801600714,战斗民族俄罗斯将大熊猫养成功夫熊猫，还得是民族天赋#大熊猫# L囚徒健身志的微博视频,0,0,1
1680269083819017559163,微天下,03月06日 21:58,4876413749952821,【#俄罗斯顶级科学家被皮带勒死家中# ，曾研发新冠疫苗】当地时间3月2日，俄罗斯顶级科学家安德烈·博蒂科夫在位于莫斯科西北部的公寓里被人用皮带勒死。博蒂科夫是俄罗斯国家流行病学和微生物学研究中心的高级研究员，2020年因研制出“卫星五号”新冠疫苗而被俄罗斯政府授予祖国功绩勋章，自从俄乌战争 展开c,34,38,230
168026910340502737684,邓德全说书,03月06日 21:58,4876413708536261,#特朗普称如果当选1天解决俄乌冲突#邓德全说书#微博新知博主# 据参考消息，新加坡《联合早报》网站报道，美国前总统特朗普28日正式启动了2024年总统竞选活动，誓言将向“腐败的政治机构”发难。 据路透社报道，特朗普在新罕布什尔州共和党年会上说：“我现在比以前更愤怒，更有决心……我们需 展开c,0,2,5
168026910340502737684,沙姆雄狮_EL,03月06日 21:58,4876413679438189,"俄罗斯“大天使”特种部队的狙击手在树林中射击一名乌克兰士兵。

#俄乌局势新进展##俄乌局势# L沙姆雄狮_EL的微博视频",0,0,34
168026910340502737684,居士妈妈万福-,03月06日 21:57,4876413541026608,现在中国角度，和历史经验，来看，我不希望俄罗斯赢，也不希望俄罗斯输，他和乌克兰焦灼战对中国最有利，历史上下场最晚，往往对自己越有利，参考二战美国，收台湾是必须的，就是什么时间点做而已。我看到沿海城市企业往四川迁的。,0,0,4
168026910340502737684,冬冬冬0929,03月06日 21:56,4876413398417845,"身边的人全都买车买房，结婚生子了，现在很焦虑怎么办？

昨天晚上和一个粉丝朋友聊天，他已经30岁了，在保定一个大厂工作，前几年厂里外派他去俄罗斯，回来以后年薪20万，家里没负担，自己没负债。

但是，可能是前几年去俄罗斯的缘故吧，婚姻一直耽误了，这两年回来一看，之前同龄的小伙伴全都买车买 展开c",0,1,0
168026910340502737684,拆台本尊,03月06日 21:56,4876413352285123,"笑死了。

#LV#的广告片里用了个蓝白红三色的棋子，最终呈现了个符号V。

乌克兰居然破防了，大呼这是在支持俄罗斯。

L拆台本尊的微博视频",6,8,24
168026910340502737684,衝鋒号角,03月06日 21:56,4876413338917509,"俄罗斯国防部长谢尔盖·绍伊古视察了乌克兰的马里乌波尔。

#镜头下的花样世界##俄乌战争爆发一周年# L衝鋒号角的微博视频",4,3,27
168026910340502737684,H六老根儿,03月06日 21:56,4876413225932858,《丁显平_百度百科》丁显平，男，四川大学教授、联合国科学院院士、俄罗斯自然科学院院士、优生遗传学专家，长期从事医学遗传学、基因组学和干细胞领域的科学研究和人才培养，牵头建成了中国方竹种质资源库，并对中国方竹进行了基因组学研究；完成了世界极濒危植物—南川木波罗的全基因组学研究； 展开c,0,0,0
168026910340502737684,投资者张,03月06日 21:55,4876413155416176,俄罗斯顶级科学家被人用皮带勒死在家中，系俄新冠疫苗研发者之一 O俄罗斯顶级科学家被人用皮带勒死在家中，系俄新冠疫苗研发者之一,0,0,0
1680269119108027166109,五月后院,03月06日 21:55,4876412991837355,"大国历史加审美
俄罗斯的审美也超强
#bilibili# 莉莉东的视频O这些设计是中国的，望周知",0,0,0
1680269119108027166109,Wwaihong,03月06日 21:55,4876412940980541,一些去俄罗斯的回忆,0,6,3
1680269119108027166109,糖YYv蛋挞,03月06日 21:54,4876412785269110,欧盟委员会主席冯德莱恩当地时间周日（5日）在德国与德国总理舒尔茨召开联合记者会，再次提及中国向俄罗斯提供武器的话题，她表示欧盟目前“没有证据”表明中国向俄供武。对于美方带头炒作中国向俄提供军事援助一事，中方已多次表态，自乌克兰危机爆发以来，中方一直坚定地站在对话一边，站在和平一边 展开c,0,0,0
1680269119108027166109,美洲报姐,03月06日 21:54,4876412748566032,发布了文章 《局势突然反转，美国背后“捅刀”德国，俄罗斯警告塞尔维亚》 O局势突然反转，美国背后“捅刀”德国，俄罗斯警告塞尔维亚,0,0,0
1680269119108027166109,每日经济新闻,03月06日 21:54,4876412731785511,【突发！#俄罗斯顶级科学家被皮带勒死家中# ，曾研发新冠疫苗 】当地时间3月2日，俄罗斯顶级科学家安德烈·博蒂科夫在位于莫斯科西北部的公寓里被人用皮带勒死。博蒂科夫是俄罗斯国家流行病学和微生物学研究中心的高级研究员，2020年因研制出“卫星五号”新冠疫苗而被俄罗斯政府授予祖国功绩勋章，自从 展开c,235,247,1813
1680269119108027166109,TheLancet-Vivian,03月06日 21:54,4876412664419876,新加坡总理李显龙谈到俄乌战争时的表态：其实我们不是选边站，我们不是亲美，也不是要和俄罗斯作对。但是，我们必须采取坚定的立场，捍卫根本的原则，不能含糊。因为国家主权和领土完整，对所有国家，无论大小，都很重要。尤其对新加坡这样一个小国来说，这关系到国家的生存。我们向来反对强權就是公理 展开c,16,31,115
1680269119108027166109,weaverbird,03月06日 21:53,4876412656027276,俄罗斯赫尔松地区的国民警卫队 Eleron-7 无人机机组人员的战斗工作画面。,0,1,0
1680269119108027166109,今日俄罗斯RT,03月06日 21:53,4876412596523294,【#伊朗酒店里响起俄罗斯国歌#】3月4日，一位俄罗斯知名女歌手莱拉·库德里亚夫策娃（Lera Kudryavtseva） 在自己的社交平台telegram上发布视频。视频中显示，伊朗德黑兰的酒店大堂中，一位钢琴家正在弹奏俄罗斯国歌。 L今日俄罗斯RT的微博视频,10,19,201
1680269119108027166109,风过杏林识卿香_,03月06日 21:53,4876412500577100,"‼️据报道，第 93 OMBr 的空中侦察工作在巴赫穆特遭到炮火袭击。

俄罗斯人正在那个地区倾其所有。

#Ukraine #UkraineRussiaWar️#关注俄乌局势最新进展# L风过杏林识卿香_的微博视频",0,0,0
1680269119108027166109,半两财经,03月06日 21:52,4876412286146291,【王煜委员建议：#将逐步改善旅游签证便利化问题纳入政府重点工作日程#】入境游不仅能直接创造外汇收入，推动旅游产业链上十多个关联行业的发展，为高水平对外开放创造更好条件。全国政协委员、春秋航空董事长王煜接受北京青年报采访时表示，他建议通过加大对欧美、东亚等世界主要客源国的签证开放力度 展开c,0,0,1
1680269141767918428118,刘言斐语kan,03月06日 21:51,4876412014035747,"乌克兰 美国官员淡化了巴赫穆特的重要性：美国国防部长奥斯汀表示，如果俄罗斯军队占领巴赫穆特，它不会对乌克兰军队构成“行动或战略挫折”。 
“我当然不想贬低乌克兰士兵和领导人为保卫巴赫穆特所做的巨大工作，但我认为它更多的是象征性价值，而不是战略和行动价值，”奥斯汀在访问安曼时 展开c",1,7,8
1680269141767918428118,陆锡鑫,03月06日 21:51,4876411984158252,"#瓦格纳创始人喊话泽连斯基撤离老人儿童#……3月3日，俄罗斯“瓦格纳”集团创始人叶夫根尼·普里戈任在前线喊话乌克兰总统泽连斯基称，“瓦格纳”的部队已包围了阿尔乔莫夫斯克（乌克兰称为“巴赫穆特”），泽连斯基应该让该地区的老人和儿童撤离。
L今日俄罗斯RT的微博视频",1,0,2
1680269141767918428118,本溪老刘,03月06日 21:50,4876411880344104,俄罗斯的下场，大家都看到了，世界银行不能指望，该中国出手了O网页链接,0,0,0
1680269141767918428118,本溪老刘,03月06日 21:50,4876411821883489,俄罗斯，已缴纳2023年联合国会费，谣言不攻而破！美国却还在拖欠O网页链接,0,0,0
1680269141767918428118,刘言斐语kan,03月06日 21:50,4876411812711219,"乌克兰 俄罗斯用旧的 T-62 坦克补充装甲车损失
俄罗斯军方继续部署 60 年历史的 T-62 主战坦克，以应对重型装甲车的损失。
英国情报部门称，近日，1954年首次列装的俄罗斯BTR-50装甲运兵车也首次被发现部署在乌克兰。
据该部称，自 2022 年夏季以来，大约有 800 辆 T-62 从仓库中取出，其中一 展开c",1,2,5
1680269141767918428118,紫扬剑的微博,03月06日 21:50,4876411666437862,"【 匈牙利外长：只有停火才能结束俄乌冲突 】匈牙利外长西雅尔多·彼得在接受瑞典电视台采访时说，欧洲为解决乌克兰危机所寻找的办法没有奏效，只有停火才能结束冲突。
他说：“首要目标是停止杀戮，这意味着停火协议，仅此而已。”
西雅尔多认为，欧盟的制裁未能阻止冲突。
他说：“我们已经推出了10套 展开c",1,1,1
1680269141767918428118,糖YYv蛋挞,03月06日 21:50,4876411661189976,3月2日，俄罗斯顶级科学家安德烈·博蒂科夫（Andrey Botikov）在位于莫斯科西北部的公寓里被人用皮带勒死。俄罗斯联邦调查委员会称，正对这起谋杀案进行调查。,0,0,0
1680269141767918428118,刘言斐语kan,03月06日 21:49,4876411633141905,"乌克兰 乌克兰军队击退超过 95 次敌军进攻
俄罗斯军队正集中力量在库皮安斯克、莱曼、巴赫穆特、阿夫迪夫卡和矿工方向进行进攻行动。在过去24小时内，乌克兰守军击退了上述方向的敌军95余次进攻。
过去一天，俄军发动了27次空袭和4次导弹袭击，并使用多管火箭炮系统（MLRS）开火70余次。
与此 展开c",1,2,5
1680269141767918428118,神颜研究所,03月06日 21:49,4876411557644863,"#俄罗斯##帅哥##185大帅哥#
地铁偶遇的卷毛帅哥 L神颜研究所的微博视频",1,0,1
1680269141767918428118,扎西德勒·天珠文化,03月06日 21:49,4876411548993886,当地时间3月2日，莫斯科。#俄罗斯科学家被人用皮带勒死于家中#，系俄新冠疫苗研发者之一，俄联邦调查委员会称，正对这起谋杀案进行调查。 L扎西德勒·天珠文化的微博视频,0,0,1
1680269161407032686127,宣传大阳,03月06日 21:49,4876411514656383,"【流氓说别人是“流氓”】脑袋进水？美国要把中俄踢出常任理事国换成日本德国，理由是中俄滥用否决权。
据塔斯社报道，德国总理舒尔茨，日前在出席第77届联合国大会时表示:“德国已准备好承担更多国际责任”。对此，美常驻联合国代表格林菲尔德称：“中俄多次滥用否决权，缺乏可信度和合法性。应取消“ 展开c",0,0,0
1680269161407032686127,去一趟里约热内卢,03月06日 21:49,4876411460131788,"俄罗斯终于过了四点就天黑的季节
晴天的日子也越来越多了
终于",0,0,4
1680269161407032686127,马牧之,03月06日 21:49,4876411427357032,【被多国扫地出门后，马克龙：法国必须展示出“深刻谦逊” 】法国在非洲施加影响力有四大支柱：文化、政治、经济和军事，而如今这几个支柱都发生动摇。法国对非外交遭受重挫后，西方国家立即掀起围攻俄罗斯的浪潮，声称莫斯科对巴黎进行了一系列“粗暴捏造指控”，这造成了法国在非形象受损。 展开c,0,0,2
1680269161407032686127,旗山野人,03月06日 21:49,4876411406391779,"近日美西方媒體報道説：
塞爾維亞向烏克蘭提供了武器。
就此消息，
俄羅斯普京總統希望塞爾維亞澄清，
以免被西方敵對势力造謡抹黑。
日前，塞爾維亞總統武契奇回應表示：
塞爾維亞從未向烏克蘭提供任何武器，
也決不會向烏克蘭提供任何武器。
有関西方報道的消息，
可能是塞爾維亞對土耳其履行以前武 展开c",0,1,0
1680269161407032686127,全球国货之光,03月06日 21:47,4876410995607409,"全球国货之光 ·🇧🇾白俄罗斯
「尤里·先科」大使：“白俄罗斯是一个纯洁、富有、美丽的东欧国家，我们欢迎更多的中国游客到白俄罗斯旅游”🗺️
✨每周六 19:30 海南卫视@海南卫视官方微博
✨国货之美 美美与共！#全球国货之光##白俄罗斯# L全球国货之光的微博视频",0,0,0
1680269161407032686127,花钱我是王8蛋,03月06日 21:47,4876410966251801,我妈治好了大奶架子的cp瘾，划内俄罗斯转盘落下了帷幕,0,1,0
1680269161407032686127,Lucky萌哒兔n_n,03月06日 21:46,4876410709606479,《俄顶级科学家被皮带勒死家中，曾研发新冠疫苗》当地时间3月2日，俄罗斯顶级科学家安德烈·博蒂科夫在位于莫斯科西北部的公寓里被人用皮带勒死。俄罗斯联邦调查委员会称，正对这起谋杀案进行调查。O网页链接,0,0,0
1680269161407032686127,想像生活的另一种可能性,03月06日 21:45,4876410592953831,"一、能源危机到底结束了没有？

能源危机已基本结束，但危机的影响可远远没有结束。能源危机对欧盟的影响主要有三点：

1）第一，欧盟能源政策的立足将从“市场”转向“安全”，包括军事、主权、工业技术竞争等等。这是一种底层逻辑的变化。

2）欧盟的能源供应链将更加复杂，分布范围会更广。填补缺口 展开c",0,0,0
1680269161407032686127,杞人忧天一二三,03月06日 21:45,4876410579584671,俄罗斯到底想要什么？不折不扣地执行明斯克协议？这样真的就对俄罗斯有利？就算最后北约和乌克兰屈服了（这种可能性有多大呢？）又能怎样呢？明斯克协议并没有否决乌克兰的主权，且没有自带纠错条款，这样的协议带有诸多隐患 ，前面乌克兰对协议的蚕食就很能说明问题。克里米亚会怎样？如果国际环境得 展开c,0,0,0
168026917639402721684,扎西德勒·天珠文化,03月06日 21:45,4876410425183602,#乌军多支精锐部队被俄军消灭#，泽连斯基称这里的战斗“痛苦而艰难”！ 乌军指挥官：“每一小时都像地狱”。#俄罗斯乌克兰局势# L扎西德勒·天珠文化的微博视频,0,0,2
168026917639402721684,寸头铁蹄嬷,03月06日 21:44,4876410327933014,我要俄罗斯混子塑卢米安，爱喝酒逃课的白俄混子但是帅哥,0,2,0
168026917639402721684,HUKKET,03月06日 21:44,4876410315348961,"没别的意思
但是🦴❤️🔔真的也太像俄罗斯娜娜了",0,8,2
168026917639402721684,本溪老刘,03月06日 21:44,4876410298043408,俄罗斯总统普京与伊朗总统莱希通电话O网页链接,0,0,0
168026917639402721684,沈知虎,03月06日 21:43,4876410034069822,你们两个怎么看到我发的维辰大腿图不回我了@俄罗斯笨猫 @EU-PHORA,1,2,0
168026917639402721684,雨点er姑娘,03月06日 21:43,4876409980061514,"期待已久的老北市～开启逛吃逛吃模式
在这里可以感受到老沈阳的精彩夜生活～
各种类型的表演应有尽有～👏🏻👏🏻👏🏻
舞狮表演，歌舞表演，变戏法等等
双凤放飞的感觉超级震撼～18：30正式开始喔！
夜幕降临后依旧灯火辉煌
小吃街可以满足你的不同味蕾～
一定要空 展开c",0,1,3
168026917639402721684,豆腐忘记起名了,03月06日 21:43,4876409968007986,"利路修一个俄罗斯人

在日本开自己品牌发布会

说

中文

哈哈哈哈哈哈哈哈哈哈哈哈哈哈哈哈哈哈哈哈哈哈哈哈哈哈哈哈哈哈哈哈哈哈哈哈笑发财了

利老师，不愧是你",0,0,2
168026917639402721684,大嫂有好股,03月06日 21:42,4876409849250112,股票财经 当地时间3月6日，俄罗斯央行发布公告称决定建立国家保险信息系统股份公司，负责运营自动化保险信息系统。该系统将整合所有汽车保险和房屋保险的信息，提供一个更完整的被保险人和对象的情况，并为消费者创造新的和更方便的服务。根据法律规定，俄罗斯央行将拥有国家保险信息 展开c,0,0,2
168026917639402721684,周小四小,03月06日 21:42,4876409850300138,《俄罗斯为何搞不定乌克兰？是因普京犯了几大致命失误》此视频已有11万次播放，快来一起看看！O网页链接,0,0,0
1680269192573932686127,一往5I情深2l的爱0y意1520,03月06日 21:42,4876409698523612,反击美欧无力，绑架中国有理？俄罗斯为何难改拉中国下水的毛病？#快资讯# O网页链接,0,0,0
1680269192573932686127,沙姆雄狮_EL,03月06日 21:41,4876409425893633,"弗勒达方向，一架俄罗斯卡-52武装直升机的残骸。

#俄乌局势# L沙姆雄狮_EL的微博视频",4,11,54
1680269192573932686127,一-芯-一-伊,03月06日 21:41,4876409405964531,#军事# 白俄罗斯特种部队铁头功表演，最后一个段位最高。#军事视界# L一-芯-一-伊的微博视频,0,1,5
1680269192573932686127,武力统一,03月06日 21:40,4876409148808704,当地时间3月2日，莫斯科。#俄罗斯科学家被人用皮带勒死于家中# 系俄新冠疫苗研发者之一，俄联邦调查委员会称，正对这起谋杀案进行调查。武统 L武力统一的微博视频,7,12,51
1680269192573932686127,湾区经济参考,03月06日 21:39,4876409098477555,【#英国向欧洲大陆输气管道暂停供气#，或加剧欧洲大陆天然气短缺】据今日俄罗斯电视台网站报道，4日晚，运营商发布通知称，因设备故障问题，英国通过比利时向欧洲大陆输送天然气的重要管道之一“互连”天然气管道暂停供气，并持续至3月8日。此次管道的故障可能进一步加剧欧洲大陆天然气短缺的状况。 展开c,0,0,0
1680269192573932686127,冰心火翼,03月06日 21:39,4876409056526418,"战争。以前马林卡是个普通的城市，一万多人住在那些房子里。然后俄罗斯军队来了。他们来了以后马林卡变成这样的。
#乌克兰##乌俄战争# 2乌克兰",0,0,3
1680269192573932686127,武力统一,03月06日 21:39,4876409040011670,土耳其考虑拒绝购买美国F-16，中国、俄罗斯、欧洲战机或成新选项武统 L武力统一的微博视频,5,17,45
1680269192573932686127,壹事之师,03月06日 21:39,4876409027959743,"俄称成功阻止一起针对知名人士的暗杀企图
（观察者网讯）综合俄新社和俄罗斯卫星通讯社报道，俄罗斯联邦安全局当地时间3月6日发布消息，该部门成功阻止了对俄罗斯察里格勒集团公司负责人康斯坦丁·马洛费耶夫的暗杀企图。O俄称成功阻止一起针对知名人士的暗杀企图",0,0,0
1680269192573932686127,续子眇,03月06日 21:38,4876408839212154,玩个俄罗斯卷腹 把腰扭到了，老了老了。,0,2,1
1680269207753027161128,留学中介课代表,03月06日 21:38,4876408763713903,"#留学俄罗斯#最近收到反馈的太原留学中介：

🔺美中国际、美誉美
🔺太原金矢、明昱留学
🔺明昱留学、墨识教育
🔺太原什乔国际、妙途留学
上面机构的反馈已整理，想了解的同学可以找我答疑解惑
#英国留学中介机构，美国留学中介机构，香港留学中介机构，澳洲留学中介机构，新加坡留学中介机构有 展开c",101,1,101
1680269207753027161128,泰山郭,03月06日 21:38,4876408742747527,"俄罗斯只有用极端方式才能结束战争.外贸拉动经济的模式还是存幻想，尤其一线城市.
从美开始制裁对俄合作的中国企业，就是下一个战场地-中国#股票##经济政策##投资# 2上海",0,3,2
1680269207753027161128,股市狮子王,03月06日 21:38,4876408704996609,"财经> 股市> 快讯
2023年03月06日21:28【本田N-Box连续6个月蝉联日本畅销榜冠军】据日本时事通讯社，行业数据3月6日显示，本田汽车N-Box微型车在2月份连续第六个月成为日本最畅销的汽车。虽然N-Box的2月销量同比下降了1.6%，至19652辆，但由于去年推出了部分改造版本，N-Box的需求很旺盛，因此仍然保持 展开c",0,0,0
1680269207753027161128,紫龙防务观察,03月06日 21:38,4876408696872338,【俄本土首次遭恐袭后，塞尔维亚又被曝背叛普京，援乌3500枚火箭弹】近期，俄本土首次遭遇恐怖袭击后，塞尔维亚又被曝出背叛普京，这个国家援助乌克兰3500枚火箭弹，就连俄罗斯外交部也称这是一起非常严重的事件。面对这种局面，塞尔维亚否认了向俄乌双方提供武器的说法，这次西方炒作，塞尔维亚军工企 展开c,2,0,2
1680269207753027161128,张伯喃语,03月06日 21:37,4876408536437098,"突发！

普京下令销毁俄罗斯境内所有的COVlD-19疫苗库存、正式承认所有的新冠疫苗都有严重的副作用。 《dainkbidyaloy》评论：“俄罗斯是新冠病毒流行最先启动大规模疫苗接种的国家、也是发现问题果断处理的国家”。",2,6,7
1680269207753027161128,娱乐绿茶圈,03月06日 21:37,4876408432625025,山东和俄罗斯，这放在整个熊猫界也是相当炸裂的#微博VC计划# L娱乐绿茶圈的微博视频,0,1,0
1680269207753027161128,梁无咎,03月06日 21:36,4876408285299412,"提问：且不说北约，要是俄罗斯在乌克兰战败，然后退兵，然后像你说的那样，正堂大乱。你敢保证他们以后不会亲近北约，然后把核武器部署在我们家门口吗？

回答：俄罗斯现在或是未来，亲近哪一方，都不是我国能左右的。他们是一个主权国家，不是我国的附属国。所以我们不能要求他们亲中还是亲西方。

再 展开c",6,15,65
1680269207753027161128,灵州司空,03月06日 21:36,4876408226580745,3月2日，俄罗斯顶级科学家安德烈·博蒂科夫在位于莫斯科西北部的公寓里被人用皮带勒死。俄罗斯联邦调查委员会正对这起谋杀案进行调查。,0,0,0
1680269207753027161128,Violoaabewage,03月06日 21:36,4876408151605921,乌克兰网球选手玛尔塔·科斯秋克在得克萨斯州击败俄罗斯选手瓦尔瓦拉·格拉切娃，赢得了她的首个WTA 冠军头衔。 LVioloaabewage的微博视频,11,12,409
1680269207753027161128,大王手中白宝石,03月06日 21:35,4876408007952369,"拼夕夕互助#互助拼多多# 0.3r出一次助力，可接多量。提供过程截图，可先刀后米

【还有少量新人】

2r 5次 5r20次 10r50次
支持先用后付！

我也是，在法国和瑞士待久了都有点吃不惯中餐了，另外附上法国和瑞士得地道食品在俄罗斯待久 ???在俄罗斯待久了 ???",0,0,0
168026922320901970477,高原的山羊,03月06日 21:35,4876407996681753,品茶说酒【#走进俄乌战场# 直击一线战况】俄罗斯V集团SU-25战机持续打击Khokhls的阵地上的乌军！#反战不反美心里必有鬼# L品茶说酒的微博视频,0,0,0
168026922320901970477,杨柳岸边122333,03月06日 21:35,4876407979644126,"《俄罗斯顶级科学家被人用皮带勒死在家中，系俄新冠疫苗研发者之一》播放量：5.2万
点赞量：256O网页链接",0,0,0
168026922320901970477,美欧前沿,03月06日 21:34,4876407703078937,"这帮西方媒体开始有点转向了，竟然说俄罗斯在Bakhmut可能会战赢诶

虽然还是要酸一句可能代价惨痛之类，但是说赢还真少见

接下来的舆论走势有得看了",0,0,8
168026922320901970477,往事已成记忆-,03月06日 21:33,4876407585641583,8848俄罗斯手机搞笑视频 L往事已成记忆-的微博视频,0,0,1
168026922320901970477,拾贝龙头,03月06日 21:32,4876407354689663,"浪潮今天开董事会，怪不得昨晚没有啥公告出来，变更注册地址和修改章程以此来和浪潮集团做一定的切割，这应该是浪潮集团和浪潮信息这几天沟通的结果（还有一种更大的可能是和英特尔和英伟达做过沟通）。看起来今天的撬板资金是有备而来滴哈。

如果不是人工智能这个赛道和浪潮在服务器领域的地位，估计 展开c",1,0,4
168026922320901970477,鲁人5652050041,03月06日 21:32,4876407286795283,俄罗斯媒体报道，人民币成为俄交易量最大的外币。俄从2014年就开始清理美元，到2022年俄乌冲突爆发时，已将两千多亿美元清出，只剩了一个零头二十多亿，但俄认为欧元沒问题，有3000多亿资产被德法意等国冻结，教训深刻。,0,0,0
168026922320901970477,她哭了110_623,03月06日 21:32,4876407228862873,"拜登刚走、俄伊签大单！介文汲：美国想拖垮俄罗斯，不料坑了自己
L她哭了110_623的微博视频",0,0,0
168026922320901970477,一个让世界嫉妒的男人,03月06日 21:32,4876407220475024,俄军在特别军事任务区的训练 #乌克兰俄罗斯爆发军事冲突##英国军情六处##俄乌局势# L一个让世界嫉妒的男人的微博视频,5,0,33
168026922320901970477,PetrGumennik豆雁窝,03月06日 21:31,4876406888596814,"俄罗斯大奖赛决赛 自由滑
182.43=89.69+92.74 小分表评论配图
4S3T 4Lo ＜//4Sq 3Aq+1A 3F 3A 3Lz2Lo2Lo
虽然定级百年罕见只有二级，小分表符号开会，但是凭借短节目优势，收获冠军，完美收官本赛季正赛，皮特这赛季奖金也赚的盆满钵满！让我们一起期待下赛季的到来 展开c",42,12,54
168026922320901970477,Frankie126,03月06日 21:31,4876406884929593,"一年前的今天。

基輔的伊爾平，人們躲在一座被毀的橋下躲避俄羅斯的砲擊。",104,6,110
1680269238647018428117,红星铁翼SWAT,03月06日 21:30,4876406838007656,"""一架直升机在距离摩尔曼斯克机场3公里处着陆时坠毁。该船载有8人，初步估计有4人受伤。""。

一架坠毁的直升机正在执行沃洛戈达航空公司的民用航班。俄罗斯联邦紧急情况部的新闻部门说，机上有9人。其中3人是机组人员。救援人员已经到达现场。没有人死亡，乘客乘雪车前往洛湖村，”紧急情况部说。
根据 展开c",0,0,1
1680269238647018428117,语墨书阁,03月06日 21:30,4876406808642541,"今夜，我的嗓音是一列被截停的火车，你的名字是俄罗斯漫长的国境线。

——廖伟棠",1,0,2
1680269238647018428117,半岛都市报,03月06日 21:30,4876406628813871,"【#俄罗斯顶级科学家被勒死家中#，系俄新冠疫苗研发者之一】当地时间3月2日，俄罗斯顶级科学家安德烈·博蒂科夫（Andrey Botikov）在位于莫斯科西北部的公寓里被人用皮带勒死。俄罗斯联邦调查委员会称，正对这起谋杀案进行调查。

博蒂科夫是俄罗斯国家流行病学和微生物学研究中心的高级研究员，曾在俄 展开c",57,42,625
1680269238647018428117,二本女孩在加拿大,03月06日 21:29,4876406560916233,"向英吉利国 开战
向法兰西国 开战
向德意志国 开战
向俄罗斯国 开战
向美利坚国 开战
向意大利国 开战
向奥地利国 开战
向日本国 开战
钦此",2,1,7
1680269238647018428117,风过杏林识卿香_,03月06日 21:29,4876406532866529,"泽连斯基:一年前，人类历史上第一个国家挟持了一座核电站。 扎波罗热核电站。 俄罗斯向核电站开火，它正在炮击我们躲在核电站的城市，把 ZNPP 的领土变成了事实上的军事训练场。#乌克兰#
这种特别愤世嫉俗的恐怖形式需要世界做出特别有原则的回应。 我们需要对🇷🇺核工业进行全球制裁，我们需要立 展开c",0,1,0
1680269238647018428117,关注国际形势有错吗,03月06日 21:29,4876406518976563,"乌克兰
巴赫穆特前线的乌克兰士兵，这有点去年的战争片《西线无战事》的感觉，惨烈程度可能也低不了多少。

俄罗斯几个月都攻不下这里，不停的调集重兵过来。即使乌军慢慢从这里撤退，俄军也谈不上多大的胜利。
#俄乌局势#",1,4,15
1680269238647018428117,直新闻,03月06日 21:29,4876406402582939,"【#土耳其或弃购美国F16战机#】土耳其总统府一名官员说，土耳其可能改变先前决定，放弃向美国购买F-16型战斗机。

在俄罗斯卫星通讯社当地时间3月6日播发的专访中，土耳其总统安全和外交政策委员会成员恰勒·埃尔汗说：“土耳其经历地震后，可能放弃求购F-16战机，因为这笔订单总价达200亿美元。”

埃 展开c",1,1,3
1680269238647018428117,刘淋5678,03月06日 21:28,4876406322102798,俄多个广播电台和电视台，突然播导弹袭击警告：请注意！所有人立即找地方躲避！#360浏览器#港香港电影寒战行动的《寒战》里面说，善攻者敌不知所其所攻，动于九天之上，善守者敌不知其所守，守于九泉之下！对比之下，俄罗斯还有我们和美国北约们，对比之下，我们不可以啊，不可以输的好惨啊，小心啊， 展开c,0,1,0
1680269238647018428117,刘淋5678,03月06日 21:28,4876406285145958,俄多个广播电台和电视台，突然播导弹袭击警告：请注意！所有人立即找地方躲避！#360浏览器#O网页链接 港香港电影寒战行动的《寒战》里面说，善攻者敌不知所其所攻，动于九天之上，善守者敌不知其所守，守于九泉之下！对比之下，俄罗斯还有我们和美国北约们，对比之下，我们输的好惨啊，小心 展开c,0,0,0
1680269238647018428117,颍原鹿2020,03月06日 21:28,4876406259712197,其实一些事情并不需要多高深的理论就能想明白，为什么有50多个国家甚至包括巴基斯坦都公开向乌克兰提供军事援助包括武器，从数量到门类，名单清清楚楚明明白白，这就是光明正大，而没有任何一个国家敢公开向俄罗斯供应武器，有也是偷偷摸摸，即便是伊朗提供俄罗斯无人机，但伊朗一直不承认，是公开否定 展开c,4,2,27
168026927572302721687,娱乐绿茶圈,03月06日 21:28,4876406243460978,如意：俄罗斯留学三年秒变“战斗熊猫”，真是一方水#微博VC计划# L娱乐绿茶圈的微博视频,0,1,0
168026927572302721687,胖爸爸俄罗斯美国试管婴儿北京,03月06日 21:28,4876406235072234,【两位IVF客人同时成功验孕】看到同住的一位妈妈IVF成功验孕，4月8日移植一颗男胚胎的广州客人16号就等不及去诊所验血就让我们买来验孕棒检测，经过两次促排终于成功怀孕 !# L胖爸爸俄罗斯美国试管婴儿北京的微博视频,10,0,0
168026927572302721687,留俄老司机,03月06日 21:27,4876406112652127,俄讯通俄罗斯留学：新签申请俄罗斯国立师范大学学生#莫斯科国立大学##俄讯通留学##喀山联邦大学##俄罗斯国立师范大学#,0,1,0
168026927572302721687,鱼丸不要粗面11,03月06日 21:27,4876406105050797,"世界女排新闻资讯#体育##头号博主说#2022-2023赛季俄罗斯🇷🇺女排超级联赛常规赛第二十二轮，加里宁格勒火车头3-1车里雅宾斯克(25-19 25-19 23-25 25-23)。
加里宁格勒火车头队:
卡多奇金娜47扣21中，9失误4被拦，3拦6发，30分
叶夫多基莫娃15扣10中，1失误0被拦，2拦0发，12分
洛伦内36扣 展开c",0,11,12
168026927572302721687,Bi8Bodulalu,03月06日 21:27,4876406049218477,俄罗斯娜娜已经成国际歌手了吗,0,0,0
168026927572302721687,熠哥影视,03月06日 21:27,4876405994951384,1 穿越到古代当奴隶，俄罗斯奇葩富二代的爆笑体验，喜剧电影#微博影视解说##高分影视# L熠哥影视的微博视频,0,0,0
168026927572302721687,胖爸爸生混血,03月06日 21:26,4876405744338218,"台州Yu女士的新生宝宝，出生第四天一切健康，今天护士来采集足底血，周三就可以接出院。
Yu女士和丈夫国内做过2次IVF，每次身体都无法承担怀孕，对身体损耗很大，找我们做生育，今年8月宝宝顺利诞生，下个月安排回国！ O网页链接",0,0,0
168026927572302721687,宜望sz,03月06日 21:26,4876405689029678,"儿子最近迷上了拳击

周六刚上过第一节拳击课，周日又要上。本想让他休息，他去午睡醒过来后，坚持要去，我们同意了，他欢呼雀跃像一个快乐的四岁孩子。

他说拳击让他感觉变强了，是小泰森咯，

其实他会来练拳击，我暗暗做了很长铺垫。从他能挥拳开始，就跟他“打架”。又经常说，如果练过拳击，出拳 展开c",0,0,1
168026927572302721687,沙姆雄狮_EL,03月06日 21:26,4876405614319949,"乌克兰军队的一辆皮卡在撤离巴赫穆特途中被俄罗斯军队摧毁，看起来也没敢走公路。

#俄乌局势新进展##俄乌局势# L沙姆雄狮_EL的微博视频",8,10,91
1680269298066022669217,俄罗斯卫星通讯社,03月06日 21:25,4876405471184694,【俄科学家研发出一款“心脏贴” 其有助于远程监测心脏】俄罗斯莫斯科国立谢切诺夫第一医科大学新闻处向卫星通讯社表示，该校科学家们研发出一款柔软的生物传感器，即“心脏贴”，它能协助心脏病专家远程监测心脏不规律跳动并给出速效疗法。O俄科学家研发出一款“心脏贴” 其有助于远程监测心脏,3,5,30
1680269298066022669217,Root_of_Evil_Chaos,03月06日 21:25,4876405446020964,"俄罗斯
До конца 2023 года донная станция «Абалон» будет готова к запуску в серийное производство

По результатам морских испытаний, проведенных в прошлом 展开c",1,0,1
1680269298066022669217,八卦小钢炮,03月06日 21:25,4876405420332486,"#俄罗斯##情感#
俄罗斯人离婚原因......她说的居然是名词？ L八卦小钢炮的微博视频",3,8,181
1680269298066022669217,笨蛋提伯斯,03月06日 21:24,4876405215069253,好大的雪啊 俄罗斯人都在边走边拍的程度…,0,0,0
1680269298066022669217,罗旺丹增_60457,03月06日 21:24,4876405211661991,俄乌战争进行到今天有俩个人没想到，一个是普京没想到自己亲自发起的这场战争，乌克兰在北约国家的支持下，打的如此顽强，远远超出了自己的预料。二是拜登没想到，自己在俄乌战争爆发后，不断拱火俄乌战争，目的是利用这场战争拖垮俄罗斯，但没想到俄罗斯有打不完的炮弹，到现在弄得自己也下不了台。,0,0,1
1680269298066022669217,何新老江湖,03月06日 21:24,4876405127255155,"驳斥南方系一官科伪证西方伪史的混账逻辑

生民无疆引用近日南方系一傻官科的如下奇谈：

“在一些流言中，金字塔伪造论、希腊伪史论、西方伪史论，甚至有说中国的长城也是伪造的……这都是咋回事呢？

必须要说明：雄伟的金字塔、蜿蜒的长城、瑰丽的雅典卫城，100%全都是真的。上述古代史及其工程奇迹 展开c",26,0,56
1680269298066022669217,请你吃个铲铲,03月06日 21:23,4876405080593790,"#熊猫花花与游客打招呼引众人尖叫#
是啊，咱们的花花有咱们疼，韩国的园欣华妮福宝有韩国的姜爷爷宋爷爷疼，俄罗斯的如意丁丁有人疼，可是霉国的丫丫乐乐美香一家呢……
强国强国，请问是指对外怂对内强的吧
为什么国内甚至是其他国家甚至霉国的人都在发声，为什么我们的拆那还执意要将美香的后 展开c",26,0,154
1680269298066022669217,下午的柠檬茶,03月06日 21:23,4876405060406089,"什么俄罗斯轮盘赌抽一个人来写文！
开发了新的模式

问问隔壁谣友帮我们贯归造了什么
“都是被你们造烂了的”
“造烂了的”这句话在我耳边3d回响",0,10,1
1680269298066022669217,从宇宙黑洞飞出火凤凰,03月06日 21:23,4876405051495777,#美海军陆战队前队员批美全球部署军力破坏稳定#现居泰国的美国海军陆战队前队员布赖恩·贝莱蒂奇近日在接受总台记者采访时指出，美国在全球部署军事力量，破坏区域稳定、贝莱蒂奇说，自己曾在驻日美军冲绳基地服役三年多，正是因无法忍受美军的好战和欺骗性，而选择离开美国军队。#北溪疑云与真相#在谈 展开c,0,0,0
16802693135360179465,乂隅,03月06日 21:23,4876405013747492,继一个泰国人在韩国用英语问一个中国人（我）怎么坐taxi之后，韩国大叔又把我当成俄罗斯人招呼了一遍。请问我应该会几种语言,0,1,1
16802693135360179465,局势很简单,03月06日 21:23,4876404997751036,《经济学人》称，由于欧美制裁缺少芯片和其它部件，俄罗斯每月只能生产20辆坦克，而在乌克兰战场每个月损失150辆坦克，为此俄罗斯只能靠拆解报废坦克来翻新坦克，导致俄军士兵在巴赫穆特冲锋时缺乏坦克掩护。,0,1,4
16802693135360179465,桃李园主,03月06日 21:23,4876404997488998,"美金融机构评估报告：俄石油产量将在今年6月恢复正常水平|俄油|日产量|俄罗斯石油产品_网易订阅 美金融机构评估报告：俄石油产量将在今年6月恢复正常水平,俄油,俄石油,日产量,石油产量,俄罗斯石油产品 O美金融机构评估报告：俄石油产量将在今年6月恢复正常水平 （分享自 @网易新闻）",0,0,0
16802693135360179465,TX_YHC,03月06日 21:23,4876404972065537,嫁不出，生个俄罗斯混血儿子,0,0,0
16802693135360179465,地铁客流及运输研究阿牛,03月06日 21:23,4876404904431328,#莫斯科地铁# 北京交通：莫斯科地铁大环线全线通车仪式当地时间（2023）3月1日举行，俄罗斯总统普京通过视频连线形式出席仪式并发表讲话，其中他提到了北京地铁环线（备注：指#北京地铁10号线# ），夸赞称莫斯科地铁大环线“甚至比我们中国朋友的还长”。莫斯科地铁大环线是俄罗斯最大的地铁建设项目， 展开c,3,10,77
16802693135360179465,fakertyu,03月06日 21:23,4876404884510295,怪奇物语大卫·哈伯昨天大卫·哈伯参加了中东的一个大会，他在会上分享了另一个关于奇怪事情的最新进展。几个月前，曾在Netflix恐怖剧中扮演吉姆·霍珀的5个港湾讨论过拍摄第五季和《奇迹》的难度与此同时，演员们要设法同时处理多个项目也是一件很有压力的事。在阿布多比的中东电影漫画康汉的小 展开c,0,0,1
16802693135360179465,Carlos-沉睡的记忆,03月06日 21:22,4876404849907508,"3月5日的塞维尔斯克。
#乌克兰##关注俄乌局势最新进展##俄罗斯乌克兰#",0,1,2
16802693135360179465,近卫步兵师,03月06日 21:22,4876404816353395,"逆天，超逆马居然认为日本自卫队的军费增加是因为要对付俄罗斯?
还大声疾呼，日本加军费对中国威胁不算大。
在大V嘴里，自卫队成躺平式“军队”了？
日本自卫队有宙斯盾舰，有F-35，有300多架军机，上千辆坦克，你管这个叫躺平式?
有人说称日本自卫队为军队属于错误。
请看图3，回旋镖扎到超逆马本人辣 展开c",50,79,1196
16802693135360179465,直新闻,03月06日 21:22,4876404769953761,"【#俄央行宣布建立自动化保险信息系统#】当地时间3月6日，俄罗斯央行发布公告称决定建立国家保险信息系统股份公司，负责运营自动化保险信息系统。该系统将整合所有汽车保险和房屋保险的信息，提供一个更完整的被保险人和对象的情况，并为消费者创造新的和更方便的服务。

根据法律规定，俄罗斯央行将拥 展开c",1,0,0
16802693135360179465,大校长李青平,03月06日 21:22,4876404733250607,"@孙嘻嘻:南北韩合并无论谁当家都不利于中国。#东御杂谈#
回：两相其害取其轻，南棒背后是美国，之前的萨德还记得吗？北棒一波推过去，至少在短期内来自东北亚的问题会少很多，北棒敢不敢投向美国是智力问题，别说中国了，俄罗斯就直接把它核平了。",0,3,34
168026932939603241017,远山的呼唤_曾经的户外名,03月06日 21:22,4876404636780511,"#关注俄乌局势最新进展##俄乌冲突改变了什么##武器装备#
乌克兰军操作豹2速度测试，21秒打5炮。
看到很多不懂的人说什么设计老化，都没有自动装填。这里科普一下：
坦克的弹药自动装填可以做到，但代价就是无法使用视频中的这个独立弹药仓结构，而是使用一种螺旋结构的自动供弹系统，像俄罗斯坦克那样 展开c",14,11,66
168026932939603241017,桃李园主,03月06日 21:21,4876404590907596,"俄防长绍伊古突访前线，隔空回应布林肯？ |乌军|乌方|俄罗斯|乌克兰|格拉西莫夫|美国政治人物|克里米亚大桥|安东尼·布林肯_网易订阅 俄防长绍伊古突访前线，隔空回应布林肯？ ,乌军,乌方,绍伊古,俄罗斯,乌克兰,俄防长,格拉西莫夫,美国政治人物,克里米亚大桥,安东尼·布林肯 htt （分享自 @网易新闻）",0,0,0
168026932939603241017,自然熟aa,03月06日 21:21,4876404543718929,"《巴黎烧了吗》

六叔说读厚书才性感，主编的这本又小又厚，方便随时随地性感。“巴黎烧了吗？”这是1944年8月25日，巴黎解放那天，阿道夫·希特勒在东普鲁士“狼穴”的地堡里，向他的总参谋长约德尔上将发出的责问。 两位记者近三年时间采访了亲历巴黎解放的八百多人，记录下了1944年8月解放巴黎的战斗 展开c",0,0,1
168026932939603241017,梁无咎,03月06日 21:21,4876404530874205,"提问：难道你忘记了北约炸过我国的大使馆了吗？为什么要支持他们？

回答：北约99年炸馆没错，俄罗斯近代也曾侵占我国大片领土难道是假的吗？更近的，还有新星号事件呢。

再者，现在遭受俄罗斯侵略的乌克兰，并不是北约国家。所以你扯北约是不是有毛病？

从正常的角度看，之前北约炸馆，肯定是邪恶的 展开c",11,80,258
168026932939603241017,洞若观火55,03月06日 21:21,4876404431261280,许多评论员大咧咧的在各种场所不着调不疼不痒的演讲，乏味的很，人民需要你的发声使我人民知晓美帝对我天天张牙舞爪我们有应対办法吗能安居乐业吗，日本鬼子对我嗞牙，我旧恨未平又添新仇，对这般恶狼.怎么对付，难不成再来宛平城开一战。南海老祖宗的产业他国拿走就完了，还是 隐忍为上。藏南九万能 展开c,0,0,0
168026932939603241017,道滿則溢,03月06日 21:21,4876404368081695,"莫斯科沙皇国使馆的材料中记录了博赫丹·赫梅尔尼茨基在哥萨克军官会议上发表的讲话。从这份讲话中，我们得以略微了解这位乌克兰统领对其选择做出的介绍和解释：

我们已经召开了一次全体人民都可以参加的会议。这样你们可以和我们一道，有机会从四位君主中自由选择一位。第一位是土耳其沙皇（苏丹）— 展开c",0,0,0
168026932939603241017,道滿則溢,03月06日 21:20,4876404309362051,赫梅尔尼茨基叛乱国际化过程的转折点发生在1654年1月8日，地点是佩列亚斯拉夫城。这一天，博赫丹·赫梅尔尼茨基率领匆忙召集起来的一群哥萨克军官，向乌克兰的新君主莫斯科沙皇阿列克谢·罗曼诺夫宣誓效忠。俄罗斯与乌克兰之间漫长而纠缠不清的关系从此开始。1954年，苏联举行了盛大的仪式，庆祝乌克兰与 展开c,0,0,0
168026932939603241017,炒豆芽200309,03月06日 21:20,4876404179340489,特朗普好像对北约不太满意，他说，北约得总部看着很漂亮，但俄罗斯一发炮就能把这个总部搞掉,0,0,0
1680269343558027229221,哎哟喂我心花怒放,03月06日 21:20,4876404149197255,"现实生活中有很多事情比戏剧精彩得多，甚至戏剧都没有那么大的脑洞。
比如雪登，令公子车祸，比如海航老总，比如张首晟，比如今天这位俄罗斯学者……………",0,0,0
1680269343558027229221,观察者网,03月06日 21:20,4876404112495727,"【#英国一条向欧洲输气管道暂停供气#，或加剧欧洲大陆天然气短缺】据今日俄罗斯电视台网站报道，4日晚，运营商发布通知称，因设备故障问题，英国通过比利时向欧洲大陆输送天然气的重要管道之一“互连”天然气管道暂停供气，并持续至3月8日。此次管道的故障可能进一步加剧欧洲大陆天然气短缺的状况。
展开c",10,31,69
1680269343558027229221,鱼丸不要粗面11,03月06日 21:19,4876404091783450,"世界女排新闻资讯#体育##头号博主说##俄罗斯女排超级联赛#2022-2023赛季俄罗斯🇷🇺女排超级联赛常规赛第二十二轮，克拉斯诺达尔迪纳摩3-0乌拉洛奇卡(25-15 25-17 25-17)。
克拉斯诺达尔迪纳摩：
博戈夫斯卡娅20扣8中，1失误4被拦，3拦0发，11分
舍夫丘克24扣10中，3失误0被拦，0拦1发，11 展开c",0,0,4
1680269343558027229221,沙姆雄狮_EL,03月06日 21:19,4876404003701566,"乌克兰军队的一辆BTR-7装甲车（BTR-70DI）在弗勒达方向被俄罗斯军队摧毁，这东西是乌克兰自己的升级版。

#俄乌局势新进展##俄乌局势#",3,0,22
1680269343558027229221,L龙翔宇宙,03月06日 21:19,4876403956517388,西方保护乌克兰个屁、就是西方野心以保护乌克兰名誉实质是东扩计划，才导致俄罗斯不得以出兵乌克兰制衡西方之举，事因东扩至今西方还是利用乌克兰作垫底，俄罗斯没得到乌方放弁西方站在中立立场、俄罗斯安全保障没到保障下、看看这战争真的无法休止、俄方甚至与美国为首北约打起是真、也许打到第三次世 展开c,0,0,0
1680269343558027229221,遑游梦河,03月06日 21:18,4876403818894658,珍惜现在的和平吧，同志们！ #关注俄乌局势最新进展##主动回国参战的俄罗斯女孩在战场传回了消息# L遑游梦河的微博视频,0,6,11
1680269343558027229221,A军事的那些事儿,03月06日 21:18,4876403802114763,俄罗斯 K52 俄罗斯低空目标掠夺者。世界唯一现役双旋翼武装直升机。 L世界武器与军事的微博视频,0,0,1
1680269343558027229221,fakertyu,03月06日 21:18,4876403780621334,怪奇物语大卫·哈伯昨天大卫·哈伯参加了中东的一个大会，他在会上分享了另一个关于奇怪事情的最新进展。几个月前，曾在Netflix恐怖剧中扮演吉姆·霍珀的5个港湾讨论过拍摄第五季和《奇迹》的难度与此同时，演员们要设法同时处理多个项目也是一件很有压力的事。在阿布多比的中东电影漫画康汉的小 展开c,0,0,0
1680269343558027229221,tennispie网球派,03月06日 21:17,4876403587684494,"#一股清流# 乌克兰男双二哥、世界排名117位的奥列格·普里霍科公开发声，反对任何因俄乌战争而导致的选手禁赛，并证实乌克兰国家网球协会号召成员不要与俄罗斯球员搭档参加双打比赛：

「乌克兰国家网球协会是否建议我们不要与俄罗斯人搭档一起参加比赛？是的，他们有，但我有自己的看法，我就按我的想 展开c",18,32,372
1680269343558027229221,国际在线,03月06日 21:17,4876403419913888,【#德媒称已基本实现对俄气的替代#】#德国下一个冬季储气仍面临挑战# 据德新社4日报道，德国能源监管机构联邦网络局的数据显示，德国加大从挪威等国进口天然气后，已基本实现对俄罗斯天然气的进口替代。据德媒报道，在2017年至2022年2月间，德国平均每月净进口77太瓦时的天然气，用于满足国内需要和填 展开c,0,0,0
1680269361903027346141,中国贸易报,03月06日 21:17,4876403391337154,【#英国向欧洲大陆输气管道暂停供气#，或加剧欧洲大陆天然气短缺】据今日俄罗斯电视台网站报道，4日晚，运营商发布通知称，因设备故障问题，英国通过比利时向欧洲大陆输送天然气的重要管道之一“互连”天然气管道暂停供气，并持续至3月8日。此次管道的故障可能进一步加剧欧洲大陆天然气短缺的状况。 展开c,0,0,0
1680269361903027346141,SMGNEWS,03月06日 21:17,4876403348610023,【最怕俄德联手！民主党政客称拜登政府智力破产】3月4日，正在竞选美国肯塔基州州长的民主党人杰弗里·扬接受今日俄罗斯电视台网站采访时表示，美西方对俄罗斯的制裁是无效的，对俄制裁主要是因为西方的“无能”。扬表示，除了利用乌克兰与俄罗斯打一场代理人战争外，拜登政府的首要目标是“加强华盛顿 展开c,0,0,0
1680269361903027346141,缘木球鱼,03月06日 21:16,4876403193155871,"关于俄罗斯空军对阿瓦迪夫卡防御区的袭击。
前天，阿瓦迪夫卡乌军据点遭到俄军空袭的录像被公布。根据视频判断，此次袭击发生在阿瓦迪夫卡第二学校，该学校部署了乌军炮兵射击阵地。坐标：48.12736150424553，37.7435545005。
袭击的结果不得而知，但从爆炸的规模来看，学校的目标确实被摧毁了。但要看 展开c",0,7,20
1680269361903027346141,朱古力啊巧巧,03月06日 21:16,4876403189484911,"安贤洙
维克多·安: 俄罗斯球迷给了我力量
Виктор Ан: Российские болельщики придавали мне сил
应该是安拿到第六次世锦赛全能王之后的采访
#短道速滑# L朱古力啊巧巧的微博视频",5,6,40
1680269361903027346141,fakertyu,03月06日 21:16,4876403113987320,怪奇物语大卫·哈伯昨天大卫·哈伯参加了中东的一个大会，他在会上分享了另一个关于奇怪事情的最新进展。几个月前，曾在Netflix恐怖剧中扮演吉姆·霍珀的5个港湾讨论过拍摄第五季和《奇迹》的难度与此同时，演员们要设法同时处理多个项目也是一件很有压力的事。在阿布多比的中东电影漫画康汉的小 展开c,0,0,1
1680269361903027346141,地铁客流及运输研究阿牛,03月06日 21:15,4876403025643650,"#海外地铁##莫斯科地铁# 人民网莫斯科3月6日电 (记者隋鑫)莫斯科地铁大环线最后9个车站日前投入运营，标志着这一世界最长地铁环线全线开通。

莫斯科地铁大环线是俄罗斯最大地铁建设项目，也是世界上最大的地铁项目之一，由31个车站和3个电力车库组成，全长71公里，超过北京地铁10号线，成为全球最长地 展开c",7,58,220
1680269361903027346141,P1nkBaby丶,03月06日 21:15,4876402908205457,"最强女特工，潜伏十年，一出手就干掉了俄罗斯总统！
LP1nkBaby丶的微博视频",0,0,0
1680269361903027346141,中天電視官方NEWS,03月06日 21:15,4876402844763874,【黑海谷物倡议期限将届 土耳其力求延长】土耳其外长卡夫索格鲁（Mevlut Cavusoglu）今天表示，土耳其正力求延长联合国支持的“黑海谷物倡议”，这份协议让乌克兰得以从俄罗斯出兵后被封锁的港口输出谷物。,0,0,0
168026937802402721685,iChongqing爱重庆,03月06日 21:14,4876402656546800,"陆海全球直播③｜ 从川渝出发，与世界相连
3月7日上午11时，由重庆国际传播中心联合四川国际传播中心、重庆发布及四川发布推出的全国两会特别策划：《陆海全球直播｜从川渝出发，与世界相连》将与大家见面。
我们将邀请邀请重庆市巴渝青年学者、重庆工商大学财政税收系系主任韩健教授，重庆江津珞璜临 展开c",0,0,3
168026937802402721685,淘金侠客行,03月06日 21:14,4876402614076454,浪潮信息 sz000977 浪潮信息的小股东发我一则小道消息：乌克兰和俄罗斯要停火，我觉得还应该加上第6条：司机与普京一起到山东淄博吃烧烤,0,1,0
168026937802402721685,云财经,03月06日 21:14,4876402606216886,实时快报：【#俄央行宣布建立自动化保险信息系统#】云财经讯，当地时间3月6日，俄罗斯央行发布公告称决定建立国家保险信息系统股份公司，负责运营自动化保险信息系统。该系统将整合所有汽车保险和房屋保险的信息，提供一个更完整的被保险人和对象的情况，并为消费者创造新的和更方便的服务。根据法律规 展开c,0,0,0
168026937802402721685,快科技官方,03月06日 21:13,4876402539108469,"【俄罗斯国产新电脑启用！搭载自研8核ARM处理器、运行Linux定制系统】俄一家高新企业已开始测试本国Delta Computers公司出品的Beaver电脑，一款小型主机。处理器选用俄罗斯自研贝加尔湖Baikal-M1，8核ARM A57架构，28nm工艺，1.5GHz。

最高64GB DDR4内存，最大16TB机械硬盘和SSD，提供PCIe 3.0 x8扩展 展开c",0,1,2
168026937802402721685,萌音备用,03月06日 21:13,4876402509486119,"德国驻波兰大使托马斯·巴格（Thomas Bagger）引发了一场巨大的外交丑闻，可能导致北约内部分裂。
前几天，他指责华沙支持莫斯科，指责它从俄罗斯购买电力。
必须承认，波兰人自己是第一个开始“能源拆除”的人——波兰国防部长马里乌什·布拉沙克，批评了俄罗斯和德国之间的能源合作。
作为回应，巴格以 展开c",3,3,43
168026937802402721685,财联社APP,03月06日 21:13,4876402471999261,【俄央行宣布建立自动化保险信息系统】财联社3月6日电，俄罗斯央行当地时间6日发布公告称决定建立国家保险信息系统股份公司，负责运营自动化保险信息系统。该系统将整合所有汽车保险和房屋保险的信息，提供一个更完整的被保险人和对象的情况，并为消费者创造新的和更方便的服务。根据法律规定，俄罗斯 展开c,1,0,12
168026937802402721685,夏星帆,03月06日 21:13,4876402451812379,以散播谣言和虚假信息为生、全天候进行谎言宣传的俄罗斯官媒，比狗屎还要肮脏龌龊，令人恶心。俄宣发布的内容，很多情况下甚至连一个字母、一个标点都不能相信。,14,12,186
168026937802402721685,梁无咎,03月06日 21:12,4876402299508322,"提问：支持俄罗斯，难道不是为了我国的利益吗？俄罗斯虽然侵略乌克兰，但是他们对抗的是欧美啊？你能不能有点大局观？

回答：支持俄罗斯，为的只是俄罗斯的利益。跟中国无关。

对抗欧美，也不等于“对我国有利益”。这只是极端民粹脑残黄鹅一厢情愿的想法罢了。

如果觉得“俄罗斯对抗欧美，会对我国 展开c",6,25,64
168026937802402721685,SinGle丶新培-,03月06日 21:12,4876402233711755,"拼夕夕互助#互助拼多多# 0.3r出一次助力，可接多量。提供过程截图，可先刀后米

【还有少量新人】

2r 5次 5r20次 10r50次
支持先用后付！

我也是，在法国和瑞士待久了都有点吃不惯中餐了，另外附上法国和瑞士得地道食品在俄罗斯待久 ???在俄罗斯待久了 ???",0,0,0
168026937802402721685,京城杨平,03月06日 21:12,4876402220861104,"俄罗斯潜艇在冰球场上破冰而出那一刻，全场都沸腾了，不愧是战斗民族啊！>>O网页链接俄罗斯潜艇在冰球场上破冰而出那一刻，全场都沸腾了，不愧是战斗民族啊！
转发分享@壹剪媒",0,0,0
1680269393455027371159,股市狮子王,03月06日 21:12,4876402216145871,"财经> 股市> 快讯
2023年03月06日21:03【行情】波罗的海干散货指数涨3.88%，报1258点。

*21:01【俄央行宣布建立自动化保险信息系统】俄罗斯央行当地时间6日发布公告称决定建立国家保险信息系统股份公司，负责运营自动化保险信息系统。该系统将整合所有汽车保险和房屋保险的信息，提供一个更完整的被保 展开c",0,0,0
1680269393455027371159,沙姆雄狮_EL,03月06日 21:12,4876402191503552,"俄罗斯空天军在阿瓦迪夫卡方向（顿涅茨克州）和马利诺夫卡方向（扎波罗热州）的空袭行动。

#俄乌局势新进展##俄乌局势# L沙姆雄狮_EL的微博视频",1,1,30
1680269393455027371159,近卫T-34,03月06日 21:12,4876402140119842,"向俄罗斯网友安利《流浪地球2》。
一人原来觉得把地球推走很扯，电影确定在俄罗斯上映后，表示要去看。一人原本不知道《流浪地球》，看了预告片后，表示要去看。
一位库尔斯克人表示已经知道了，并且要看。我提醒看电影前要上厕所，他表示没什么可以阻止他，毕竟150公里外就在发生战争，平时会有乌克兰 展开c",18,20,247
1680269393455027371159,鱼丸不要粗面11,03月06日 21:11,4876402035787388,"世界女排新闻资讯#头号博主说##体育#2022-2023赛季俄罗斯🇷🇺女排超级联赛常规赛第二十二轮，普洛通3-0喀山阿克巴斯迪纳摩(25-22 25-22 25-20)。
普洛通队:
马尔科27扣12中，3失误1被拦，1拦0发，13分
博布罗娃20扣8中，3失误1被拦，4拦1发，13分
加蒂娜23扣9中，2失误3被拦，1拦2发，12分 展开c",0,6,12
1680269393455027371159,齐小涯,03月06日 21:11,4876401951637653,真的无语了，看《西线无战事》解说，结尾up主让中国人应该反战，反省为什么俄乌战争，中国几千万人给俄罗斯加油🙄我踏马那美国人现在还在叙利亚偷石油呢咋不去管管😒,0,0,0
1680269393455027371159,心向往之2015,03月06日 21:10,4876401604563491,美国后院要着火，俄罗斯真的出手了O网页链接,0,0,0
1680269393455027371159,今日俄罗斯RT,03月06日 21:09,4876401583594942,"【芬芳的贸易#今年中国已向俄出口约7万支鲜花#】3月6日，据俄罗斯卫星通讯社报道，俄罗斯滨海边疆区自2023年以来已从中国进口69260支鲜花。鲜花进口曾因新冠疫情停摆2年，后于2022年恢复。

俄罗斯动植物检验检疫局指出，中国向俄罗斯滨海边疆区出口玫瑰、菊花、百合、康乃馨、绣球、非洲菊等品种。出 展开c",12,36,363
1680269393455027371159,Gnituiqnaiq-,03月06日 21:09,4876401531952549,"近期
1.Aurora来的第一餐请她吃沙县的云吞和炒米线 云吞一如既往 炒米线一般
2.这个煎豆腐我21年吃过几次 好好吃的！皮脆脆的香香的 里面软软的 但我不常吃 所以对这个东西很大好感 但这个人做的不好吃 不好吃
3.普普通通的早餐 那个是俄罗斯红肠吧好像 还行
4.在小红书刷到很多次蜂蜜小面包 什么童 展开c",0,0,0
1680269393455027371159,Joa_chim,03月06日 21:09,4876401519624967,宝子昨晚自由滑的跳跃分析看着好心疼啊呜呜呜呜昨晚真的状态不太好体力不行，还好顺顺利利滑下来了，4T真的太子，带领宝子上台子！！听宝宝说后面训练会继续恢复难度，还要尝试新的东西，期待期待！新赛季一定健健康康！等待18号的表演秀！K宝_KamilaValieva#k宝# 展开c,1,10,168
1680269393455027371159,精神内猫cat,03月06日 21:09,4876401456974146,"万里归途碎碎念
5.幸好没让成朗直接喊话成功，不然分数要直降0.5
6.宗大伟身上那股社畜骂娘这活老子不想干了谁爱干谁干特别好玩，区别于一般主旋律代入感更强。
7.成泰焱演位高权重的外交官对味，位高权重的威严和儒雅平衡得很好。
8.彪子到达迪拉特还有镜头。
9.看到了之前网传片段触景生情落泪的那个 展开c",0,5,1
1680269416489032686127,黑潮君,03月06日 21:09,4876401380952968,"当天晚上我去德国朋友家，发现他们一家三口都坐在画房里等着我。
客厅里以前摆钢琴的地方现在空荡荡的，原来那座高高的古董挂钟也不见了。再听不到它发出的准确报时的声音。现在只剩下一堵墙。我突然想起房主以前跟我说的，他哥哥在一战以前就从瑞士买回了这座钟。
在我进屋的时候，他们都用绝望的眼神 展开c",18,25,547
1680269416489032686127,一只神秘的兔星人,03月06日 21:08,4876401251457502,[分享] 梦见一盘俄罗斯🇷🇺菜🍽的一个角落，像是一只趴着的大龙虾🐉🍤的尾部淋了美味香浓的黄色奶油🧀酱汁，不知道是什么酱汁，🈶点像中国🇨🇳的黄焖酱汁。,0,0,0
1680269416489032686127,从宇宙黑洞飞出火凤凰,03月06日 21:08,4876401118022733,"#俄乌局势最新消息#【俄罗斯伞兵作战画面】在解放其中一个定居点的过程中，俄罗斯空降部队发现了村庄外围的敌人埋伏。一个突击小组被派去消灭它。

俄伞兵在浓密的烟幕下接近建筑物，向敌人阵地投掷手榴Dan，然后他们闯入建筑物并用小型武器摧毁了敌人。

在小规模冲突中，六名乌克兰步兵被消灭。俄罗 展开c",0,0,0
1680269416489032686127,moonlovers弥弥酱俄罗斯蓝猫,03月06日 21:07,4876401028634243,"俄罗斯蓝猫#天津俄蓝##moonlovers俄蓝##天津俄蓝猫舍#
我们的俄罗斯蓝猫女孩 Moon Lovers Sliver Pearl，今年加入到繁育计划，期待😚
#每日萌宠打卡##萌宠集中营##宠物卖萌中心##宝宝的少女心##猫咪##日常吸猫#",0,0,2
1680269416489032686127,鱼丸不要粗面11,03月06日 21:06,4876400719041117,"世界女排新闻资讯#头号博主说##体育#2022-2023赛季俄罗斯🇷🇺女排超级联赛常规赛第二十二轮，莫斯科迪纳摩3-0圣彼得堡(25-16 25-20 25-22)。
莫斯科迪纳摩:
埃尼娜13扣9中，1失误1被拦，5拦1发，15分
卡普斯蒂娜28扣14中，1失误0被拦，0拦0发，14分
冈察洛娃29扣11中，1失误5被拦，2拦0发 展开c",0,2,4
1680269416489032686127,滢雪轩主人,03月06日 21:06,4876400701477824,人家美国国务卿都说我国通过企业向俄罗斯提供“致命”援助，我们其实可以顺着他的话真的向俄提供援助啊，人家都说了，我们不做就对不起美国国务卿的一片心意了。,0,0,0
1680269416489032686127,1355474180k,03月06日 21:05,4876400458474806,"2023年3月5日，俄罗斯大奖赛决赛
卡米拉·瓦利耶娃
自由滑：Truman Sleeps
720p60（稍后更新2160p60）

🎥 fsfanscams L1355474180k的微博视频",2,2,37
1680269416489032686127,恶女阿陈,03月06日 21:05,4876400433828863,"俄罗斯人怎么想的，手写体印刷体差这么多？？？
还有这个м和т的手写体小写有啥区别？一个带尖的m一个圆润的m……",0,0,2
1680269416489032686127,重磅财经,03月06日 21:05,4876400399745252,《美国正式通过了《台湾冲突阻遏法》，一旦台海发生战事，美国就会像冻结俄罗斯国家资产、俄》深度仓库在百度动态发表了新动态O网页链接,1,0,1
1680269432727027383158,萌音备用,03月06日 21:05,4876400341291659,"俄罗斯联邦总统负责上海合作组织事务特别代表、外交部无任所大使哈基莫夫访京后的声明：

俄罗斯等国支持白俄罗斯加快加入上合组织",4,2,76
1680269432727027383158,搞笑团子,03月06日 21:04,4876400080982973,俄罗斯的美女这么漂亮，有缺点吗？、 L搞笑团子的微博视频,0,0,0
1680269432727027383158,王又王SXY,03月06日 21:03,4876400044281165,王又王 听闻俄罗斯禁止政府机关使用微信等一系列即时通信软件？如果是这样，那俄罗斯也太不自信了吧。,0,0,2
1680269432727027383158,东方穆萨,03月06日 21:03,4876400031437815,【“俄罗斯人民共和国”？白宫新闻秘书最新口误，引来嘲讽】3月4日，一段视频片段在网络上热传，视频中美国白宫新闻秘书让-皮埃尔在记者会上说出“俄罗斯人民共和国（People’s Republic of Russia）”，引发网友嘲讽。根据白宫网站发布的记者会实录，在当地时间3日的记者会上，让-皮埃尔错将“China” 展开c,0,0,0
1680269432727027383158,苏坡钔,03月06日 21:03,4876400014132583,俄乌战场纪实#纪实##战场# 俄罗斯大兵 L苏坡钔的微博视频,0,1,0
1680269432727027383158,沧桑云飞,03月06日 21:03,4876399838758824,"根据公开报道，截至目前，波兰总计向乌克兰援助了324辆坦克（310辆T-72系列，14辆豹2）、300辆装甲车、132门自行火炮、40辆“冰雹”火箭炮、50个防空系统、100枚R-27中距空空导弹、1000枚便携式防空导弹和100门迫击炮等装备以及大量弹药。

尽管波兰政府启动了庞大的军购计划，从韩国和美国购买了大量 展开c",0,0,1
1680269432727027383158,黄金城外,03月06日 21:03,4876399833517831,"再这样子下去，真不可收拾了~
#乌克兰局势##俄罗斯乌克兰# L黄金城外的微博视频",0,1,0
1680269432727027383158,胖爸爸美国试管婴儿北京,03月06日 21:03,4876399829319917,"北京客人顺利完成移植，亲手写了一封感谢卡片送给Bayrak医生
团队中的Brody医生是一位资深前辈，他和Edward教授合著的一本教材非常有深度和教研价值能有这样有实力的医生为胖爸爸的客户治疗真的非常荣幸！

赴美生子/不孕不育 海外生子 美国俄罗斯泰国试管婴儿

#多囊卵巢综合征 展开c",0,0,0
1680269432727027383158,缘木球鱼,03月06日 21:02,4876399782920641,"巴赫穆特战役，截至2023年3月6日15:00的情况：
🔻乌克兰司令部正在从该市部分撤出驻军。通往康斯坦丁诺夫卡和恰索夫亚尔的唯一道路都在俄罗斯部队的火力控制下，因此撤退是在不断炮击下沿着村庄道路进行的。
▪️ 目前，乌克兰武装部队正在Bogdanovka-Krasnoye和Konstantinovka-Bakhmut公路沿线进行 展开c",1,4,17
1680269432727027383158,从宇宙黑洞飞出火凤凰,03月06日 21:02,4876399750152615,“5%”受瞩目！2023年全球期待中国机会；🔺美推动对华科技封锁，难阻中国自立自强！🔺韩媒：美“半导体霸权”害苦韩企；🔺趣味横生！俄举办盛大冰钓比赛告别冬季；🔺竞技！日本举办狗拉雪橇比赛；🔺技能！俄罗斯驯鹿专项比赛开赛；🔺调涨！3周2度涨价 台湾地区鸡蛋批发价创历史新高；…… 展开c,0,1,1
1680269448819022658103,司马南,03月06日 21:02,4876399742032110,"美《国家利益》杂志敲定
俄罗斯结局

文/司马南

波兰驻华使馆昨天发了一篇文章，强调乌克兰必须胜利。

我在文章后面跟帖说，怎那是一种意愿，乌克兰万一失败了，阁下当如何自持？凭什么就认为失败的是俄罗斯，乌克兰必定胜利啊？
若只讲信念不论其他，
希特勒当年胜利的概率更高。

波兰驻华使馆昨天 展开c",56,142,619
1680269448819022658103,胖爸爸生混血,03月06日 21:02,4876399674922667,【LL妈妈和试管混血宝宝出院】LL伴侣客人两人赴美，购买同一份精子做试管，T移植一颗女孩， 隔几个月后P也移植胚胎怀孕。T的混血宝宝已经平安出生！#美国俄罗斯泰国试管婴儿# L胖爸爸生混血的微博视频,0,0,0
1680269448819022658103,今日俄罗斯RT,03月06日 21:02,4876399645301821,"【阿尔乔莫夫斯克被重围：#瓦格纳创始人喊话泽连斯基撤离老人儿童#】3月3日，俄罗斯“瓦格纳”集团创始人叶夫根尼·普里戈任在前线喊话乌克兰总统泽连斯基称，“瓦格纳”的部队已包围了阿尔乔莫夫斯克（乌克兰称为“巴赫穆特”），泽连斯基应该让该地区的老人和儿童撤离。

普里戈任在视频中喊话，“以 展开c",19,38,241
1680269448819022658103,美国罗德岛设计学院,03月06日 21:02,4876399577664965,"#家居设计#

像在3D版本的《俄罗斯方块》中所做的一样，Yellow Brick Chair分解了座椅的元素，并使用抽象主义的视角对其进行了重新解释。

它不仅摒弃了椅子应该是什么的想法，而且还大胆使用了柔软的垫子制成的尖锐形式，还创造了绝对抢眼的视觉对比。

结合那种充满活力的黄色色调，“黄砖椅子”发 展开c",3,1,9
1680269448819022658103,仝潇华,03月06日 21:01,4876399506097606,普京说：“美国一边帮助基辅打击俄罗斯，一边还想检查我们的核武器，还不允许我们检查他们的核武器，这简直荒谬！美国的某些核武器保修期即将到期，华盛顿正在考虑对其核武器进行自然试验的可能性，如果美国做核试验，俄罗斯也会这么做！”#美国不排除重启核试验可能性##俄暂停参与新削减战略武器条约# 展开c,33,44,159
1680269448819022658103,艾尔文德丽尔,03月06日 21:01,4876399444232228,不要乱清算啊，能不能别干这种亲者痛仇者快的破事，一会儿“玩原神的还能叫品客吗”，一会儿“看日漫的品客是不是真心爱国”，我本人爱好俄罗斯文化，我朋友喜欢日本历史，照这么说我俩一个精俄一个精日？烦死了别问了你说是就是！,1,4,0
1680269448819022658103,米夏小雨,03月06日 21:01,4876399369003946,"俄罗斯插画师KSUSHA ITWAZCOOL作品欣赏
#设计美学##设计灵感##设计##设计美学##遇见艺术##插画灵感##绘画#",0,1,1
1680269448819022658103,薛小荣,03月06日 21:01,4876399368210042,#热点大家说##俄乌局势观察团# 泽连斯基放话：如果俄军能从乌克兰撤出，会给俄罗斯“安全保证” L薛小荣的微博视频,1,2,5
1680269448819022658103,CarinoKedyyy,03月06日 21:00,4876399285117255,"今天又去艾灸养生啦💆🏻‍♀️💆🏻‍♀️
艾灸完还是来光顾了俄罗斯菜尝尝闷罐🦐也是好吃嘻嘻！！！老板发的惊蛰菜单我是一个没沾边哈哈甚至还哈小啤酒妈呀🙈🙈",0,0,1
1680269448819022658103,白云远到,03月06日 21:00,4876399234784678,俄罗斯人为了掩盖自己歪交的困境，使出的伎俩越来越可笑，为证明鹅没有那么受人讨厌，鹅媒体拿拉夫罗夫和德国外长贝尓伯克去印度参加G20做比较，两个人在机场受到了截然不同的待遇，拉先生得到热烈欢迎，贝女士受到了冷落，这种小花招有什么实质作用呢，看看俄罗斯交往的几个所谓朋友就知道了，全都是 展开c,4,8,116
168026946683301755189,爱吃火锅的郑州人在985上学,03月06日 21:00,4876399145390970,"今天见了一面，宅硬找的，真无语，就是想和我见面，把阿姨送我的东西分开给我，这样就可以多见我几次。我的粉裤子他说好看，就是上衣配的不好。呵呵🤭下午没有课，洗了澡，晒了太阳，在床上玩俄罗斯方块。玩到眼睛酸乏。去吃饭，吃的螺蛳粉，买了一瓶饮料。
吃完妈妈给我开了视频，我在买卫生纸。
哎 展开c",0,2,0
168026946683301755189,四川魏静,03月06日 21:00,4876399117342391,"【#乌克兰武装部队炮击俄顿涅茨克居民区#】

3月6日，一段来自社交平台telegram上的最新视频显示，乌克兰武装部队于今日炮击俄罗斯顿涅茨克居民区。可以明显观察到，视频中顿涅茨克上空不断升起浓烟。 L今日俄罗斯RT的微博视频 #关注俄乌局势最新进展##特朗普称如果当选1天解决俄乌冲突#",2,0,1
168026946683301755189,参考消息,03月06日 21:00,4876399079069419,"【俄媒：匈牙利正为总理欧尔班访问乌克兰做准备】据塔斯社报道，匈牙利外长西雅尔多在5日晚播出的在最近访问克罗地亚首都萨格勒布期间接受克罗地亚H1电视频道的采访时说，匈牙利正在为总理欧尔班访问基辅做准备，并希望与乌克兰对话。

他说：“等我们看到所有初步条件都已具备时，就进行访问。但目前 展开c",6,12,29
168026946683301755189,素人观点,03月06日 21:00,4876399079064212,"#俄乌局势# #俄乌局势新进展# 在佩尔沃迈斯克方向，乌军为进入房屋的俄军设套，等俄军靠近房子里，引爆房子里提前设置好的炸药。

这一问题已经非常突出了。根据之前的消息，乌克兰军队故意在房子里装了遥控炸弹，然后撤出等待俄军进入房子。等俄军靠近或进入房子后，乌克兰武装部队的士兵，就会利 展开c",5,8,12
168026946683301755189,xzz_11,03月06日 20:59,4876399066223090,"三镇第一阶段冬训结束，简评球队目前情况：

1、三镇第一阶段在红塔的冬训结束了，外援已与球队会和，接下来第二阶段在海口的冬训将在7日开始。

2、斯坦丘入选了罗马尼亚国家队的名单，3月25日与28日有欧洲杯预选赛要踢，对手是安道尔和白俄罗斯，应该是要回去一阵子。

3、雅库布已经与球队会和，这 展开c",0,2,3
168026946683301755189,壹Lisa,03月06日 20:59,4876398948782960,#亚航被曝行李超重5公斤收1807元托运费#这尼玛让我想到了俄罗斯航空，从土耳其飞回国被收的托运费！比这个经历还要恶心！,0,0,0
168026946683301755189,紫龙防务观察,03月06日 20:58,4876398751123231,【俄本土首次遭恐袭后，塞尔维亚又被曝背叛普京，援乌3500枚火箭弹】近期，俄本土首次遭遇恐怖袭击后，塞尔维亚又被曝出背叛普京，这个国家援助乌克兰3500枚火箭弹，就连俄罗斯外交部也称这是一起非常严重的事件。面对这种局面，塞尔维亚否认了向俄乌双方提供武器的说法，这次西方炒作，塞尔维亚军工企 展开c,1,2,4
168026946683301755189,王杨黄金,03月06日 20:58,4876398714427756,"俄罗斯慌了，慌了

俄罗斯不愿意看到的就是美国给乌克兰的无限支援，最主要的还是装备的支援

但是，要面对现实，有人拍到了在波兰某港的图，全是支援乌克兰的各种装备车还有其他各种物资，这俄罗斯能耗的下去啊，肯定不行呀，慌了，慌了。在不结束，俄罗斯都要动用核了，顶不住的",0,0,0
168026946683301755189,Leila_Gy,03月06日 20:58,4876398667498243,"3/6俄罗斯🇷🇺🚞推荐：
1.增城--霍尔果斯--莫斯科 站到站 SOC USD7XXX/40HQ 3/24 5*40HQ
2.萍乡--二连--沃尔西诺 站到站 SOC USD7XXX/40HQ 3/16 11号截单 单一品名 2*40HQ
3.徐州---二连--莫斯科 站到站 SOC USD7XXX/40HQ 3/17 单一品名
4.武汉---二连---莫斯科 站到站 COC USD8XXX/40HQ 展开c",0,0,0
168026946683301755189,凡华未名,03月06日 20:57,4876398550060325,"芙清祛痘凝胶29.9
敷尔佳敷料18.9
绽妍小水库祛痘黑面膜 19.9

我们遵旨准备返程，一切就绪了，她老人家又看着满海滩白白胖胖的俄罗斯女人好玩，跟人家“哈啰哈啰”的，有点兴趣盎然。看着渔民刚打捞的螃蟹大虾，忍不住叫我们买了，她猫在房间大快朵颐。眼看快到点了也不让收拾行装，不 展开c",0,4,0
168026948335601755181,薛小荣,03月06日 20:57,4876398541670366,#热点大家说##俄乌局势观察团# 俄罗斯考虑迁都？莫斯科不够安全，往东迁更靠近中国方便发展经济 L薛小荣的微博视频,2,2,11
168026948335601755181,noubot,03月06日 20:57,4876398509170462,俄罗斯娜娜铿锵有力的唱法才是这首歌的灵魂所在 又是蒸汽波又是citypop的 省省吧 有这功夫干点什么不好,1,0,0
168026948335601755181,棉花絮飞,03月06日 20:57,4876398444943396,"在与Pashinyan的联合简报会上，舒尔茨被问及为什么2022年从德国到亚美尼亚的进口量和从亚美尼亚到俄罗斯的出口量突然增加了几乎三倍，暗示埃里温正在帮助莫斯科规避制裁。肖尔茨说我们正在调查制裁的合规性。这是总之一切都在掌控之中。

“当然，我们讨论了这个问题（与帕辛扬-教育。）。。。我们正在 展开c",0,0,9
168026948335601755181,今日俄罗斯RT,03月06日 20:57,4876398366557054,"【#俄罗斯化肥生产商向非洲免费供应了首批化肥#】3月6日，俄罗斯化肥生产商""乌拉尔化工-乌拉尔钾肥""公司新闻处发布消息称，作为慈善援助，该公司向非洲马拉维供应了2万吨复合肥料，这是该公司从欧盟向非洲供应的首批人道主义援助物资。

声明写道：“作为慈善援助，乌拉尔化工-乌拉尔钾肥公司向马拉维 展开c",6,20,168
168026948335601755181,Coop留学日记,03月06日 20:57,4876398324352116,"如何选择留学中介机构，需要推荐的可以按照下面格式发给我
哪个城市的机构：
天津、保定
申请的国家：
美国、俄罗斯
申请什么项目：
专升硕留学、中外合作办学
你的专业：
化学专业、电子商务
有想找靠谱留学中介机构可以来问我!
#加拿大留学##澳洲留学##申请时间攻略要求中介机构？# 展开c",0,0,0
168026948335601755181,小央视频,03月06日 20:57,4876398314917019,【#德媒称已基本实现对俄气的替代#】#德国下一个冬季储气仍面临挑战# 据德新社4日报道，德国能源监管机构联邦网络局的数据显示，德国加大从挪威等国进口天然气后，已基本实现对俄罗斯天然气的进口替代。据德媒报道，在2017年至2022年2月间，德国平均每月净进口77太瓦时的天然气，用于满足国内需要和填 展开c,1,1,4
168026948335601755181,鲁镇的柜台,03月06日 20:56,4876398201669712,"肖尔茨对CNN说，乌克兰和俄罗斯开始和谈的条件是:""从乌克兰撤出俄罗斯军队,这将成为未来和平谈判的基础, 俄必须这样做""
他指出俄显然错误判断了乌克兰的实力,以及基辅所有伙伴在此事上的团结.现在俄必须明白其侵略是徒劳的",3,4,90
168026948335601755181,小燕子639,03月06日 20:56,4876398143998763,"华熙生物夸迪5D玻尿酸山茶花双仓面膜3盒（15片）赠2片同款双仓面膜
【推荐理由】调理补水,水嫩滑,双重植萃,当当面膜,专注补水嫩肤,新一代玻尿酸精华,安心补水,保湿锁住水分,源自俄罗斯品质认证,亲肤柔软的
【现价】278 元
华熙生物夸迪5D玻尿酸山茶花双仓面膜3盒（15片）赠2片同款双仓面膜",0,0,0
168026948335601755181,斯蒂文987,03月06日 20:56,4876398105201735,汽车消费我不会在乎汽车装潢，音响，倒车雷达，导航，蓝牙，wifi，智能互连。这些统统不需要。汽车导航可以自己装，其他的不重要。只要有一台高性能收音机，万事大吉了。我认为俄罗斯既然能把北风之神核潜艇做到技术上炉火纯青，汽车技术也不会差到哪里。这都是相连贯的。前苏联莫斯克号冰箱制冷压缩机 展开c,0,0,0
168026948335601755181,棉花絮飞,03月06日 20:56,4876398088423085,#俄乌局势新进展# 俄罗斯还是善待乌克兰俘虏，不是兽人，之前乌克兰不少虐杀俘虏视频 L棉花絮飞的微博视频,0,0,19
168026949904802021116,斯基泰战车,03月06日 20:56,4876398080038029,官方数据，俄罗斯的男性预期寿命下降到海地的水平。 现在是 64.2 岁，比孟加拉国少 6 岁，比日本少 18 岁。,12,15,73
168026949904802021116,棉花絮飞,03月06日 20:55,4876398043335159,#俄乌局势新进展# 一群乌克兰国土警卫队撤离巴赫穆特，一路小跑，目标这个情况要不是俄罗斯现场遮蔽能力一般，不然就是死亡公路哇 L棉花絮飞的微博视频,2,8,24
168026949904802021116,娱乐至死之逃之夭夭,03月06日 20:55,4876398042291116,"突发！俄罗斯顶级科学家被皮带勒死家中，曾研发新冠疫苗。

据红星新闻，当地时间3月2日，俄罗斯顶级科学家安德烈·博蒂科夫（Andrey Botikov）在位于莫斯科西北部的公寓里被人用皮带勒死。俄罗斯 O突发！俄罗斯顶级科学家被皮带勒死家中，曾研发新冠疫苗。",0,0,0
168026949904802021116,刘继兴,03月06日 20:55,4876398018431330,"很多人让我说说乌克兰的历史，就说说吧。乌克兰这个领土是欧洲第二大的国家，毫无骨头，更没主见，二战时期倒向德国，德国战败后乌克兰被并入苏联，苏联解体了，乌克兰又一往情深地倒向美西方。要是美西方再失败了，乌克兰还得含情脉脉地倒向俄罗斯毛耸耸的怀里。

泽连斯基应学会在鸡蛋上面跳舞，老美 展开c",1,3,36
168026949904802021116,武契奇资料号,03月06日 20:55,4876397870582810,"#欧尔班##匈牙利# 2023.3.2
欧尔班：美国人不择手段地想逼迫欧洲和匈牙利参战。你们没想过，如果核大国俄罗斯输掉战争会发生什么？会是一场可能在全球范围内造成毁灭性破坏的地震，比南斯拉夫的解体更糟糕。
——瑞士周刊《Die Weltwoche》专访

节选 原文很长
欧尔班是特朗普的盟友，反民主党。

匈牙 展开c",2,3,21
168026949904802021116,中国气象爱好者,03月06日 20:55,4876397871368478,#火山# 2月27日，俄罗斯千岛群岛幌筵岛埃别科火山喷发，几位大胆的居民近距离拍摄火山喷发。 L中国气象爱好者的微博视频,83,52,544
168026949904802021116,棉花絮飞,03月06日 20:54,4876397731908072,#俄乌局势新进展# 乌克兰使用化学武器袭击俄罗斯战士 L棉花絮飞的微博视频,4,4,10
168026949904802021116,南生今世说,03月06日 20:54,4876397636485750,发布了头条文章：《仍缺美国！俄罗斯、乌克兰、印度、韩国等已缴纳2023年联合国会费》 O仍缺美国！俄罗斯、乌克兰、印度、韩国等已缴纳2023年联合国会费,0,0,1
168026949904802021116,裘德_胡,03月06日 20:53,4876397510922106,从没听说过也没有介绍看名字应该是一个日本组合，日本以美女钢琴家为噱头的唱片挺多的大都水平一般就想着随便听听吧，结果很惊艳，从开始的俄罗斯主题到伏尔塔瓦再到维瓦尔弟的秋天，要气势有气势，要力量有力量，慢板时又静的下来，两个人的配合的也好，查了一下这是首专相信未来应该会很有发展的。,0,0,0
168026949904802021116,霍小兵,03月06日 20:53,4876397498340216,"美国、日本、印度、澳大利亚四国外长举行“四方安全对话机制”（QUAD）外长会谈，主要对两项内容进行讨论，一是南海地区局势，二是乌克兰危机。随后他们发表声明，联合声明虽然没提俄罗斯，但美日澳印有意联手，旨在抵抗俄罗斯核威胁策略。
在南海问题上，四国称他们强烈反对单方面改变地区现状的举动 展开c",10,28,20
1680269514203027346141,用户7074457900,03月06日 20:53,4876397485490658,用户8111871370751: #俄罗斯##战斗民族##战争#O网页链接,0,0,0
1680269514203027346141,漫-2003,03月06日 20:52,4876397305137314,小朋友的专注力可以，回家拼俄罗斯方块拼了一个小时，这会开始自己剪纸了。嗯，继续保持，不亏是985的后代,0,0,0
1680269514203027346141,关注国际形势有错吗,03月06日 20:52,4876397275776266,"乌克兰
英国情报显示，随着重装甲损失越来越多，俄军正在使用已经有60年历史的T-62坦克，许多俄军的军事单位开始装备T-62，以弥补之前的损失。

2022年夏天以来，大约有800辆T-62被从仓库中取出，其中一些进行了观察系统的升级，这可以提高它们在夜间的活动能力。

但是，这些老式坦克类型在 展开c",1,6,9
1680269514203027346141,PYQ微博,03月06日 20:52,4876397270537352,"俄罗斯顶级科学家遭遇暗杀。

3月2日，因为研制出“卫星5号”新冠疫苗而被俄罗斯政府授予祖国功绩勋章的顶级科学家安德烈·博蒂科夫被人勒死在公寓里。

自从入侵乌克兰以后，俄罗斯国内治安形势越来越恶化，已经发生多起政府高官、名人以及富豪神秘死亡事件。LPYQ微博的微博视频",2,0,6
1680269514203027346141,远山淡影_近水寒烟,03月06日 20:52,4876397254805083,俄罗斯人少能源多 只要不作 不把国家拖入♾️战争的泥潭 根本不可能像今天这样被动 我朝经历两代人的文/景之治 修养生息 好不容易积累点家底 （疫情也已经耗的差不多了） 但凡有点脑子 都不可重蹈覆辙,0,0,0
1680269514203027346141,看看新闻全球眼,03月06日 20:52,4876397099617513,【巴赫穆特激战之际 俄乌高官先后抵达前线鼓舞士气】俄罗斯《消息报》5日称，俄军在巴赫穆特获得了对乌军的优势，但还没有成功将乌军部队赶出该市，在不久的将来也无法完全包围这座城市。4日，绍伊古视察了在顿涅茨克的东部军区所属集团军的一个前线指挥所，在那里听取了副国防部长关于组织不间断保障 展开c,2,1,4
1680269514203027346141,桂哥猎手VIP777,03月06日 20:51,4876396948624322,到底谁侵略了谁？谁才是真正的侵略者？这个俄罗斯姑娘逻辑清晰的告诉你！ L桂哥猎手VIP777的微博视频,0,0,5
1680269514203027346141,魁的女儿,03月06日 20:51,4876396922405081,塔斯社3月6日消息，美国五角大楼前高级顾问、陆军退役上校道格拉斯·麦格雷戈（Douglas Macgregor）日前接受采访时暗示，俄罗斯将赢得冲突胜利，而一旦乌克兰战败，美国将会抛弃乌总统泽连斯基，就如同当初在越南所做的那样。,0,0,0
1680269514203027346141,郝玙,03月06日 20:51,4876396838787030,南山画室李阳老师就是我的吕洞宾，度我进入缤纷的油画世界～这幅画是我的油画入门作品，临摹俄罗斯油画大师德米特里•纳尔班迪安的作品《克里米亚海岸》，海天的色彩实在太美！一直在循环播放周志刚老师的《邯郸记•度世》【快活三】，实在太符合我画此画的心境！油画 2南京 展开c,0,0,2
1680269514203027346141,陕师大音乐学院12级音乐学一班,03月06日 20:50,4876396780066139,"拼夕夕互助#互助拼多多# 0.3r出一次助力，可接多量。提供过程截图，可先刀后米

【还有少量新人】

2r 5次 5r20次 10r50次
支持先用后付！

我也是，在法国和瑞士待久了都有点吃不惯中餐了，另外附上法国和瑞士得地道食品在俄罗斯待久 ???在俄罗斯待久了 ???",0,0,0
168026952947701307188,今日俄罗斯RT,03月06日 20:50,4876396755419600,"【#欧盟目前没有证据表明中国向欧洲常规武装力量区运送武器#】3月5日，欧盟委员会主席冯德莱恩在与德国总理朔尔茨的联合新闻发布会上表示，欧盟目前没有证据表明中国正在向欧洲常规武装力量区运送武器。

冯德莱恩就上述问题表示：“到目前为止，我们没有证据（证明此事）。”同时，德国总理朔尔茨强调 展开c",14,70,186
168026952947701307188,红星视频,03月06日 20:50,4876396712689753,"【LV广告片现蓝白红三色旗和符号V，乌方谴责其""支持俄罗斯"" 】法国奢侈品牌路易威登（简称LV）的一则广告片引发争议。综合塔斯社、《消息报》等多家俄媒6日报道，LV近日发布了一则广告片，里面出现印有符号V的蓝白红三色相间的旗帜。乌克兰总统办公室顾问波多利亚克当地时间5日在推特上为此发帖，谴责L 展开c",1,0,2
168026952947701307188,用户5759068767,03月06日 20:49,4876396549636101,#俄罗斯乌克兰局势 #快手热点 #快手粉条 ##快手# @快手 O网页链接,0,0,0
168026952947701307188,某车某得辉,03月06日 20:49,4876396353295644,"木子小驴解说《FC红白机俄罗斯方块》387层游戏直播专场
L某车某得辉的微博视频",0,0,0
168026952947701307188,今日俄罗斯RT,03月06日 20:49,4876396310566894,【#乌克兰武装部队炮击俄顿涅茨克居民区#】3月6日，一段来自社交平台telegram上的最新视频显示，乌克兰武装部队于今日炮击俄罗斯顿涅茨克居民区。可以明显观察到，视频中顿涅茨克上空不断升起浓烟。 L今日俄罗斯RT的微博视频,2,7,24
168026952947701307188,旗扬时事,03月06日 20:48,4876396205445242,"何天恩
今天 18:07 来自 何天恩超话
巴赫穆特城内必有“大鱼”！攻城部队接到新命令：务求全部活捉
种种迹象表明，巴赫穆特城内不仅有来自美、英、加拿大以及波兰等北约国家的雇佣兵，而且还有级别不低的“大鱼”！
巴赫穆特守敌能够在俄军猛烈的攻势面前坚持到今天，靠的就是那些身经百战的雇佣兵和极 展开c",5,12,57
168026952947701307188,Soniadora,03月06日 20:47,4876396021942038,👽没有赢家！俄罗斯能源收入大跌，美国“降油价”的算盘也落空？ @新浪新闻 O没有赢家！俄罗斯能源收入大跌，美国“降油价”的算盘也落空？🤔,0,0,0
168026952947701307188,DS北风,03月06日 20:47,4876396000709981,#俄乌局势最新进展# 俄罗斯Tor-M2防空系统拦截乌克兰的空中目标！ LDS北风的微博视频,5,4,28
168026952947701307188,海棠秋雨688,03月06日 20:47,4876395848663684,美州长候选人：美政客被美媒“严重欺骗”普遍与现实脱节——海外网3月6日电 据今日俄罗斯电视台报道，当地时间3月4日，美国肯塔基州民主党候选人杰弗里·杨在接受该媒体采访时表示，美国华盛顿政客普遍“与现实脱节”。杰弗里·杨表示，华盛顿政客们被美国主流媒体“严重欺骗”，数十年来一味相信媒体的 展开c,0,0,0
168026952947701307188,方伟庆Mr,03月06日 20:46,4876395715496128,俄乌战争，俄罗斯军队 装甲 火箭 L方伟庆Mr的微博视频,0,0,0
16802695453490645974,科普地理,03月06日 20:45,4876395526494580,在印度人眼中最不能惹的三个国家#美国 #俄罗斯 #日本 L科普地理的微博视频,0,0,0
16802695453490645974,吕培乔,03月06日 20:45,4876395526494037,"土耳其正在努力促成普京与泽连斯基见面，但美英两国全力阻止！
根据土耳其总统指数的安全与外交政策委员会成员埃尔汗介绍，英美两国不希望冲突早日结束。
相反，他们想让冲突持续更长的时间，给俄罗斯造成更多的杀伤。
而在这一过程中，他们根本不会在乎乌克兰人的死活。
正因如此，他们才反对埃尔多安 展开c",2,2,6
16802695453490645974,张凯华微博,03月06日 20:45,4876395514171450,"毅然决然！主动回国参战的俄罗斯女孩从乌克兰战场传回消息:为了重新获得安宁宁愿牺牲自己！
#俄罗斯乌克兰冲突##愿世界和平# 🙏 L张凯华微博的微博视频",2,16,61
16802695453490645974,塔山不是山,03月06日 20:45,4876395333552062,"🇷🇺🇺🇦巴赫穆特战役

截至2023年3月6日15点的情况

🔻乌克兰指挥部正在从该市部分撤离驻军。通往Konstantinovka和Chasov Yar的唯一道路在俄罗斯部队的火力控制下，因此撤军是在不断炮击的乡村道路上进行的。

▪️目前，乌克兰武装部队正在Bogdanovka-Krasnoe和Konstantinovka-Bakhmut高速 展开c",0,0,0
16802695453490645974,呆湾呱呱叫,03月06日 20:45,4876395329096090,"近日法国时尚品牌路易威登（LV）在社交媒体上发布了一则为巴黎时装周时装秀拍摄的宣传广告片。因画面中出现了印有黑色符号V的蓝白红三色相间的旗帜，而遭到了一些海外网友的谴责，泽连斯基的一名高级顾问也加入了声讨路易威登的行列。

他们将蓝白红三色旗帜与俄罗斯国旗联系起来，并认为符号V代表“支 展开c",0,1,1
16802695453490645974,今日俄罗斯RT,03月06日 20:45,4876395295802793,"【#普京总统与伊朗总统通电话#】3月6日，据报道，俄罗斯总统普京与伊朗总统莱希进行电话会谈。

普京总统与莱希总统讨论了双方在各领域的合作问题，并一致认为俄伊关系正在积极发展。 L今日俄罗斯RT的微博视频",3,9,110
16802695453490645974,NBD视频,03月06日 20:43,4876395018195683,【突发！俄罗斯顶级科学家被皮带勒死家中，曾研发新冠疫苗 】当地时间3月2日，俄罗斯顶级科学家安德烈·博蒂科夫在位于莫斯科西北部的公寓里被人用皮带勒死。博蒂科夫是俄罗斯国家流行病学和微生物学研究中心的高级研究员，2020年因研制出“卫星五号”新冠疫苗而被俄罗斯政府授予祖国功绩勋章，自从俄乌 展开c,4,0,177
16802695453490645974,壹点文字,03月06日 20:42,4876394787766647,俄罗斯国家最早的形态是1294年诞生的莫斯科公国，一个叫做莫斯科的偏远小城邦，领土最初仅仅24万平方公里左右，周边都是从基辅罗斯中分裂出来的封建公国。从莫斯科公国一隅之地，到地跨欧亚北美，沙皇俄国君王们用数百年时间实现了领土的跨越，领土面积高峰时2200多万平方公里。沙皇俄国的领土扩张行径 展开c,13,8,108
16802695453490645974,热爱军事的我,03月06日 20:42,4876394767062013,"🇷🇺✈️🚀💥🇺🇦俄罗斯空天军对阿瓦迪夫卡地区的乌军几个临时部署点和仓库进行了精确打击。

#关注俄乌局势最新进展##俄乌局势#大象军事#乌克兰局势# L热爱军事的我的微博视频",3,0,21
16802695453490645974,吕培乔,03月06日 20:42,4876394716994432,"俄乌冲突，最新消息。真没想到！！俄毁灭性炸弹在乌战场使用！！新炸弹1.5吨级，高精度打击效果很好！！

希腊媒体消息，俄罗斯新型1.5吨航空炸弹刚刚轰炸了乌克兰武装部队！！

这款炸弹轰炸力强，精准度高，破坏力非常大！！这种神器到来，可谓是让俄军如虎添翼！！

这是第一次，俄罗斯使用这种威力 展开c",3,0,11
1680269561519027379202,图途hln,03月06日 20:42,4876394712269885,俄罗斯10岁男孩遇袭中弹后，仍掩护2名女童藏进树林，被授予“英勇与勇气！ L图途hln的微博视频,0,0,0
1680269561519027379202,吕培乔,03月06日 20:42,4876394574912353,"俄罗斯的瓦格纳集团，已经令乌克兰军队闻风丧胆！
如果说在俄乌冲突中，那支部队能让人一提起来就感到恐惧，甚至觉得不可思议，无疑就是俄罗斯瓦格纳雇佣兵集团。
根据相关报道，瓦格纳集团在冲突期间，招募了大量的囚犯，经过训练之后直接将他们推向作战前线。
这些人为了重新获得自由，甚至从阶下囚 展开c",2,1,7
1680269561519027379202,斯蒂文987,03月06日 20:42,4876394553411319,俄罗斯可以把拉达汽车，轻卡，白俄罗斯的汽车，卡车也可以拉到中国来卖。我的目的只要耐用，省油，便宜就行。其他的我不管。,0,0,0
1680269561519027379202,littlestarJ,03月06日 20:41,4876394523264918,"此刻内心极度忐忑
像是等待不确定是否会失而复得的俄罗斯套娃
套娃里是否有套娃
里面的又长什么样呢",0,1,0
1680269561519027379202,远山的呼唤_曾经的户外名,03月06日 20:41,4876394427064235,"#关注俄乌局势最新进展##俄乌战争一周年前后##俄乌冲突改变了什么##今日俄罗斯#俄罗斯
“有时，在 24 小时内，多达 18 人瓦格纳部队袭击了一条战壕。

瓦格纳战斗机器人没有后退的选择。”

Petro Horbatenko 中尉，#Bakhmut 前线第三风暴旅的营长。

“他们唯一的生存机会就是继续前进...... 展开c",7,4,49
1680269561519027379202,钢七连Unbreakable7,03月06日 20:41,4876394348417753,"当地时间3月2日，俄罗斯顶级科学家安德烈·博蒂科夫在位于莫斯科西北部的公寓里被人用皮带勒死。俄罗斯联邦调查委员会称，正对这起谋杀案进行调查。
博蒂科夫是俄罗斯国家流行病学和微生物学研究中心的高级研究员，曾在俄罗斯国家D.I.Ivanovsky 病毒研究所担任高级科学家，2020年因研制出“卫星五号”新 展开c",7,22,81
1680269561519027379202,呆湾呱呱叫,03月06日 20:41,4876394327445957,俄罗斯《生意人报》：根据莫斯科交易所的数据，2月份人民币首次成为俄罗斯隔日交割交易量最大的外币，取代此前美元的地位。,0,0,2
1680269561519027379202,荣酱的轮胎君,03月06日 20:40,4876394264268295,今天才知道巴斯奶奶原来是大熊猫如意斯基的曾曾祖母，熊精是有基因的这娃呆俄罗斯挺好，回来估计能成动物园一霸,0,0,11
1680269561519027379202,不能让的理由,03月06日 20:40,4876394213935322,上海小伙遇到俄罗斯老丈人#捕娱计划亿点曝光计划##微博放映厅# L不能让的理由的微博视频,0,0,0
1680269576588017586108,肖磊看世界,03月06日 20:38,4876393714289837,"刚看了一下马克龙跟刚果总统的发布会，感觉整个欧洲快被美国搞得精神都有点失常了。
竟然在发布会上，直接说刚果总统“无能、失败”，并认为应当把非洲交给法国打理，“让我们来吧。”
如果不是正儿八经媒体上发出来的亲眼所见，真是难以想象。
德国和法国现在确实挺恼火，一方面无法制止美国拱火起来 展开c",13,8,141
1680269576588017586108,南生今世说,03月06日 20:38,4876393672871540,发布了头条文章：《2022年11月，是否进口了俄罗斯石油？美国当局给出的数据，前后矛盾》 O2022年11月，是否进口了俄罗斯石油？美国当局给出的数据，前后矛盾,0,0,0
1680269576588017586108,岷县发布,03月06日 20:38,4876393604980106,【#英国向欧洲大陆输气管道暂停供气#，或加剧欧洲大陆天然气短缺】据今日俄罗斯电视台网站报道，4日晚，运营商发布通知称，因设备故障问题，英国通过比利时向欧洲大陆输送天然气的重要管道之一“互连”天然气管道暂停供气，并持续至3月8日。此次管道的故障可能进一步加剧欧洲大陆天然气短缺的状况。 展开c,0,0,0
1680269576588017586108,-沉灯-,03月06日 20:38,4876393601569119,其实我一直喜欢苏联和俄罗斯民族文学艺术，按照以往的审美取向，静静心想一想还是会奇怪于为什么我爱贤真爱成现在这种精神状态不太正常的矫情b。,0,1,4
1680269576588017586108,佛山园艺哥,03月06日 20:38,4876393533408248,"#关注俄乌局势最新进展#
传:俄乌达成停火协议草案，其中重要条款包括(1)俄乌双方同时退出乌克兰东部四省。
(2)乌克兰东部四省作为主权国家独立存在。(3)乌克兰承诺不加入北约。
(4)俄罗斯承诺不再进攻乌克兰。
(5)俄乌双方将向茅台采购1万吨茅台原浆，用于庆祝和平。",0,1,1
1680269576588017586108,香港文匯網,03月06日 20:37,4876393375072348,【精彩预告｜外国人竟如此了解两会？中国哪些事情让他们震惊？】2023年全国#两会#期间，我们邀请到两位外国朋友，谷尼克是在中国生活17年之久的“老北京”，苏小小则是刚来北京4年的“新人”，他们分别来自俄罗斯和白俄罗斯。提及两会，他们有哪些了解？他们最关注哪些话题？在中国生活有哪些事情让他 展开c,0,0,5
1680269576588017586108,TVXQ-伊万,03月06日 20:37,4876393315307343,妈耶明天又开始上课了这三天过得真快。月底就去俄罗斯了,0,2,1
1680269576588017586108,新浪军事,03月06日 20:36,4876393273625478,【#LV广告片引乌克兰不满# 泽连斯基顾问也公开声讨】近日法国时尚品牌路易威登（lv）遇到了点麻烦。不久前，该品牌在社交媒体上发布了一则为巴黎时装周时装秀拍摄的宣传广告片。但因画面中出现了印有黑色符号v的蓝白红三色相间的旗帜，而遭到了一些海外网友的谴责，就连乌克兰总统泽连斯基的一名高级顾 展开c,4,10,29
1680269576588017586108,MooovTeam,03月06日 20:36,4876393223291633,"古老的东方传说——龙王在睡觉的时候睫毛长到地里能够长出茶叶。
我们的团队参与了这部电影的特效制作。请您评价一下。

#成龙##姚星彤##马丽##阿诺德施瓦辛格##成家班##《龙牌之谜》#
#mov##move##moov##mooov##movteam##moovteam##mooovteam##moveyourdream##moovyourdream##mooovyourdream# 展开c",0,0,1
1680269576588017586108,嗡ong嘛ma呢ni呗bei咪mei吽hong,03月06日 20:36,4876393198651943,《美国出狠招，通过《台湾冲突阻遏法》|俄罗斯|台海|狠招|美国_手机网易网》美国出狠招，通过《台湾冲突阻遏法》，威胁在台海冲突发生时，曝光、冻结或直接冻结中国的个人、企业在美国的合法资产。美国最近是连续的通过涉及台湾省的法案，可以说在搅局台湾省的问题上不断加码了。O美国出狠招，通过《台湾冲突阻遏法》,0,0,0
168026959304501755181,E游未尽小E,03月06日 20:36,4876393190006679,【俄罗斯方块：世界冠军史诗级较量，DOG小哥40级操作掀翻新锐冠军】俄罗斯方块：世界冠军史诗级较量，DOG小哥神奇40级操作掀翻新锐冠军 LE游未尽小E的微博视频,0,0,1
168026959304501755181,大鹅花滑,03月06日 20:36,4876393181615607,"#花样滑冰# [2023-3-5][22-23赛季][采访]德米特里·阿利耶夫赛后采访

在俄罗斯全国锦标赛上，我进入了国家队，这让我继续前进。今年有休息下的想法。但我没有休息，这个赛季的结果是积极的。没想移居国外，这太扯了。现在才三月。

公开表演赛吗？现在还没法回答这个问题，没法确定，我不会参加这场比 展开c",0,0,0
168026959304501755181,善道知止,03月06日 20:35,4876392955906994,要帮俄罗斯也不是不可以，将以前侵吞的土地全部还回来即可，没有相当的看得见摸得着现实实际利益来换凭啥帮？不要用空头支票式所谓“抱团取暖”来忽悠。否则，俄就跟欧美慢慢玩去吧。,0,0,0
168026959304501755181,我的cp啥时候he呀,03月06日 20:34,4876392750125871,#2023俄罗斯大奖赛总决赛# 恭喜ET，27岁依然可以又一次站上领奖台，卷走一批又一批15岁的小妹妹，但你依然在！十年饮冰，难凉热血！继续加油，米兰等你！,0,0,0
168026959304501755181,暗夜冷门电影,03月06日 20:34,4876392750384215,扎洛夫伯爵的邪恶周末 Les week-ends maléfiques du Comte Zaroff (1976) 一个商人，他是一个残暴的俄罗斯伯爵的后代，当他看到在他的城堡里对年轻女性的极端暴力时，他不能分辨幻觉和现实。O网页链接,4,0,4
168026959304501755181,二牛班长,03月06日 20:34,4876392686160983,杀害科学家是滔天大罪，是对全人类的挑衅！俄罗斯顶级科学家被勒死家中，系俄新冠疫苗研发者之一！这究竟是谁干的？ L二牛班长的微博视频,0,0,1
168026959304501755181,四川发布,03月06日 20:34,4876392640547869,"【直播预告：#从川渝出发与世界相连#】3月7日上午11时，由重庆发布、重庆国际传播中心、四川国际传播中心、四川发布联合推出的全国两会特别直播节目——《陆海全球直播｜从川渝出发，与世界相连》将与大家见面。

我们将邀请重庆市巴渝青年学者、重庆工商大学财政税收系系主任韩健教授，重庆江津珞璜临 展开c",2,1,2
168026959304501755181,蜗牛柯基,03月06日 20:34,4876392627964020,"❗️🇷🇺🇺🇦 2023 年 3 月 6 日 15 点阿特木斯克防线情况

🔻乌克兰指挥部正在从阿特木斯克撤离驻军。 通往顿河君士坦丁罗夫卡和恰索夫亚尔的道路处于俄罗斯部队的火力控制之下，因此撤退是在不断炮击下沿着乡村道路进行的。

▪️目前，乌克兰武装部队正在博达尼夫卡-伊万尼夫斯克线和 T05 展开c",8,35,196
168026959304501755181,欧美范街拍style,03月06日 20:33,4876392321779924,俄罗斯品牌pervert的模特 📸 #.lns#,12,1,107
168026959304501755181,明月我家,03月06日 20:32,4876392107606133,"2022年中国与滨海边疆区贸易大部分以本币结算

2023年3月6日俄罗斯滨海边疆区国际合作局局长阿列克谢∙斯塔里奇科夫表示，2022年滨海边疆区与中国外贸交易的大部分结算使用的是本国货币。

斯塔里奇科夫告诉记者，“2022年，滨海边疆区与中国的贸易超过73亿美元……我可以正式声明，这些支出的很大一部 展开c",0,1,0
168026960993102736348,马上谈,03月06日 20:32,4876392100269650,斯洛伐克女孩告诉你：为什么捷克人这么讨厌中国？其实最大一个原因，是捷克非常讨厌苏联，讨厌一切和社会主义有关的东西…这应该和波兰等国家如今非常讨厌俄罗斯是一个道理… L马上谈的微博视频,94,91,789
168026960993102736348,a每天都开心啊,03月06日 20:32,4876392079297721,"网上说牧云很内向，
就它洋相多
它跟俄罗斯的如意是双胞胎",0,0,4
168026960993102736348,椒哥微记录,03月06日 20:31,4876391969721050,"焦点坊谈 特朗普嘲笑北约总部:办公楼看着漂亮,俄军一发炮弹就能轰掉

#俄罗斯##乌克兰##关注俄乌局势最新进展# L烈马诸侯的微博视频",4,2,19
168026960993102736348,身为里中横,03月06日 20:30,4876391760271599,"【白俄罗斯志愿营摧毁俄罗斯监视塔】
3 月 5 日，一个乌克兰志愿军团发布了一段视频，该组织表示，该团对俄罗斯布良斯克州的一座监视塔进行了“神风敢死队”无人机袭击。

Kraken 军团成立于 2022 年 2 月 24 日，即俄罗斯入侵乌克兰的那一天，该团表示其情报部队“使用神风敢死队无人机摧毁了布良斯克 展开c",2,2,20
168026960993102736348,明月我家,03月06日 20:30,4876391734050854,"人民币首次成为俄罗斯交易量最大的外币

2023年3月6日《生意人报》报道称，根据莫斯科交易所的数据，2月份将美元从第一位置挤下的人民币首次成为俄罗斯隔日交割交易量最大的外币。

一个月内人民币交易量超过1.48万亿卢布，这比1月的指标高出三分之一。2月份美元交易量也有所增长，但仅增长8%，至1.42 展开c",0,0,1
168026960993102736348,安静少女双木林,03月06日 20:30,4876391714131257,"俄罗斯Prime原切牛排5片组合装/阿根廷谷饲原切肉眼（手工轻调理）5-6片特惠装
【推荐理由】俄罗斯进口基烯牛肉片+牛油椒酱+黑椒搅拌60片+黑椒酱专为孕期研发,新西兰原切进口,高标准,经典西师调配,美食搭配,源自健康营养,每一滴都是健康放心的美味
【现价】249 元
俄罗斯Prime原切牛排5片组合装/阿根廷谷饲原切肉眼（手工轻调理）5-6片特惠装",0,0,0
168026960993102736348,俄罗斯国家馆,03月06日 20:30,4876391529320582,重重包围下的乌东重镇巴赫穆特#俄罗斯国家馆# L俄罗斯国家馆的微博视频,0,0,2
168026960993102736348,御风司水梁美丽,03月06日 20:30,4876391529054993,"#中国神话的冷知识# ——【山海经里乾坤大】

《山海经》是本很奇怪的书，里面记录了各式各样的奇异山水地理奇珍异兽，其成书时间和作者至今来说都是迷雾重重，以至于在历史的很长时间内，让人认为《山海经》只是古人的臆想，直到近现代之后，人类视野的不断扩大，让人们重新认识了这本书。
《神异经· 展开c",18,3,59
168026960993102736348,E游未尽小E,03月06日 20:29,4876391457230132,【俄罗斯方块：世界冠军接连失误，DOG小哥30秒缴枪投降】俄罗斯方块：世界冠军接连失误，DOG小哥30秒缴枪投降 LE游未尽小E的微博视频,0,0,0
168026960993102736348,裕美高,03月06日 20:29,4876391432847828,俄罗斯顶级科学家被人用皮带勒死在家中，系俄新冠疫苗研发者之一 @新浪新闻 O俄罗斯顶级科学家被人用皮带勒死在家中，系俄新冠疫苗研发者之一,0,0,0
168026963382804833235,xiameng小号的小号,03月06日 20:29,4876391428392116,"原来是一段农夫与蛇的故事。
【从原子之心种族歧视说起，聊聊为什么在俄罗斯几乎看不到黑人】
O网页链接",0,0,0
168026963382804833235,巴蜀茗人,03月06日 20:28,4876391168084798,"#读书##晚安# 娜塔莎之舞
俄罗斯文化的变与不变
坚持什么/改变什么
这是永恒的选择题",0,1,1
168026963382804833235,今日俄罗斯RT,03月06日 20:28,4876391155242657,"【俄记者主席点评#针对俄罗斯察里格勒集团公司负责人的暗杀企图#】当地时间3月6日，俄罗斯记者协会主席弗拉基米尔·索洛维约夫表示，针对俄罗斯察里格勒集团公司负责人康斯坦丁·马洛费耶夫的暗杀企图是为了“堵住俄罗斯知名媒体代表的嘴”。

根据俄记者协会主席的说法，在不久的将来，“将会出现非常严 展开c",5,7,42
168026963382804833235,curtain代购进口零食招代理,03月06日 20:28,4876391093374764,"零食#零食安利# 俄罗斯巧克力紫皮糖🍫
这个好多姐妹都爱吃
外面是纯可可包裹着扁桃仁碎
酥酥脆脆，越嚼越香～",0,0,0
168026963382804833235,云财经,03月06日 20:28,4876391072400402,实时快报：【#英国向欧洲大陆输气管道暂停供气 或加剧欧洲大陆天然气短缺#】云财经讯，据今日俄罗斯电视台网站报道，4日晚，运营商发布通知称，因设备故障问题，英国通过比利时向欧洲大陆输送天然气的重要管道之一“互连”天然气管道暂停供气，并持续至3月8日。此次管道的故障可能进一步加剧欧洲大陆天 展开c,0,0,0
168026963382804833235,E游未尽小E,03月06日 20:27,4876390933464945,【俄罗斯方块：DOG小哥完美发挥，新锐冠军被1分钟降伏】俄罗斯方块：DOG小哥完美发挥，新锐冠军被1分钟降伏 LE游未尽小E的微博视频,0,0,0
168026963382804833235,河婆Jason007,03月06日 20:27,4876390879464778,俄罗斯黑海东岸的港口城市图阿普谢的油库上个月底遭到无人机袭击后，“铠甲”－S1防空系统被部署在码头。#乌克兰局势# L河婆Jason007的微博视频,2,3,26
168026963382804833235,江西师范大学科学技术学院,03月06日 20:27,4876390816288908,"电影|超治愈的俄罗斯小岛风光片名:《邮差的白夜》

一部由素人出演的俄罗斯电影，由一名驾驶着快艇穿梭于湖中的邮差串联起来的与世隔绝的小村庄的故事。

壮丽的湖泊，静美的村景，缓慢的叙事，电影中处处充满诗意和平静。

非常治愈的影片，分享给大家~",0,0,0
168026963382804833235,Tiger-郝,03月06日 20:27,4876390778799852,"拼夕夕互助#互助拼多多# 0.3r出一次助力，可接多量。提供过程截图，可先刀后米

【还有少量新人】

2r 5次 5r20次 10r50次
支持先用后付！

我也是，在法国和瑞士待久了都有点吃不惯中餐了，另外附上法国和瑞士得地道食品在俄罗斯待久 ???在俄罗斯待久了 ???",0,0,0
